turbidity,pH,TDS,color_smell,cases_per_1000,abd_pain_per_1000,fever_per_1000,dehydr_per_1000,turbidity_score,pH_score,tds_score,color_score,cases_score,abd_score,fever_score,dehydr_score,risk_score,risk_category
7.01936232116767,5.79696659256847,601.39795496973,2,22,13,3,8,70,80,40,60,88,78,15,80,67,High
10.3584227052845,7.63680472494831,1881.4461200792,2,8,8,11,2,100,0,100,60,32,48,55,20,53.3,Moderate
13.3466104502104,5.38210926837227,338.012663937461,1,23,6,9,9,100,80,0,30,92,36,45,90,69.2,High
5.16454756036082,9.14244648151353,1552.13458140424,3,18,13,16,9,70,80,100,90,72,78,80,90,80.8,Very High
13.2033397053317,7.47324642877506,993.759778766646,1,9,1,3,5,100,0,40,30,36,6,15,50,43.5,Moderate
6.31025229116309,5.85152723028541,310.993428310651,3,24,14,12,4,70,80,0,90,96,84,60,40,66.4,High
3.27540414546111,6.44441992320068,1624.41641042877,3,23,2,10,9,40,40,100,90,92,12,50,90,68.5,High
0.915055928108692,8.00626052725572,484.829104073451,0,10,5,2,1,0,0,0,0,40,30,10,10,12,Low
14.1851176510213,9.47356852374196,1633.17934367228,3,20,9,14,5,100,80,100,90,80,54,70,50,80.2,Very High
0.557103845009797,7.50810854546462,480.066874049429,2,8,9,8,0,0,0,0,60,32,54,40,0,19.1,Low
0.500157854071116,7.10659186897237,368.902545342705,1,15,3,2,2,0,0,0,30,60,18,10,20,19.9,Low
11.0368066726981,7.76081260425147,1961.1294728222,1,16,10,19,4,100,0,100,30,64,60,95,40,64.3,High
8.15473884945348,8.55586731547125,1863.25883276258,1,19,0,2,5,70,40,100,30,76,0,10,50,54.7,Moderate
11.912462504015,5.54187908259673,1855.52209342522,3,19,10,12,6,100,80,100,90,76,60,60,60,80.2,Very High
0.871614065875258,7.85264255023173,1779.2424729503,0,0,11,3,2,0,0,100,0,0,66,15,20,17.8,Low
14.0572518862224,8.02841172279475,765.892555747646,3,18,12,10,9,100,0,40,90,72,72,50,90,69.5,High
7.05278066743442,6.67937007096152,600.948881135269,1,23,0,2,4,70,0,40,30,92,0,10,40,46.4,Moderate
14.537083956979,6.27199411594324,1633.09552471652,3,21,9,19,6,100,40,100,90,84,54,95,60,81,Very High
0.712852306859967,6.28696301403137,154.062661082481,0,2,5,10,2,0,40,0,0,8,30,50,20,15.1,Low
12.202040688995,5.83872258776234,1785.87694810959,3,18,5,17,7,100,80,100,90,72,30,85,70,81.9,Very High
13.7665059921207,5.15274002052802,1827.7292937995,3,21,14,19,3,100,80,100,90,84,84,95,30,82,Very High
0.0318207728841563,7.57346595451333,1326.59256821335,0,6,1,11,0,0,0,70,0,24,6,55,0,17.6,Low
7.01936232116767,5.79696659256847,601.39795496973,2,22,13,3,8,70,80,40,60,88,78,15,80,67,High
14.5457342991144,5.4744512763434,1577.60663816624,2,7,13,8,9,100,80,100,60,28,78,40,90,71,High
13.9801474394659,5.81399511363099,1876.79498764194,2,20,13,16,8,100,80,100,60,80,78,80,80,83.9,Very High
10.0812281846111,5.33921342964672,978.254857983835,1,4,14,5,3,100,80,40,30,16,84,25,30,49.4,Moderate
14.5126653836971,6.95449338433683,1533.86660912911,3,23,8,17,9,100,0,100,90,92,48,85,90,81.8,Very High
0.0245626083513139,7.89982297379144,1394.96510025605,0,3,2,11,0,0,0,70,0,12,12,55,0,15.5,Low
2.01627608650503,8.58197057497346,1792.33662789797,2,19,7,16,7,40,40,100,60,76,42,80,70,63.8,High
4.85747255030766,8.02699898524524,917.043548558816,0,1,11,5,0,40,0,40,0,4,66,25,0,18.6,Low
5.49681368865244,7.81794017073566,178.173429456582,2,15,0,11,6,70,0,0,60,60,0,55,60,46.5,Moderate
5.15126834052201,5.52329648509908,868.059182554526,3,19,4,2,7,70,80,40,90,76,24,10,70,62.9,High
11.878502456948,9.43761796882579,1925.25740188568,3,22,9,17,8,100,80,100,90,88,54,85,80,87.8,Very High
12.2721435066732,5.98078125268865,1417.8469959895,3,18,7,14,9,100,80,70,90,72,42,70,90,81,Very High
0.435779881881713,6.53077273896846,986.88212764361,0,1,2,10,0,0,0,40,0,4,12,50,0,10.4,Low
4.31845904563271,8.00049048129424,1985.82552459143,3,19,13,7,8,40,0,100,90,76,78,35,80,61.6,High
0.905243928488796,6.82417456065043,151.302576095396,0,11,10,8,0,0,0,0,0,44,60,40,0,15.8,Low
13.1117647835265,8.65522650068972,1153.6772182863,1,16,12,1,1,100,40,70,30,64,72,5,10,52.4,Moderate
4.10301147359362,7.00515086066772,1388.90532441218,3,11,13,3,7,40,0,70,90,44,78,15,70,48.7,Moderate
14.7529895427614,5.24644999767447,1475.87988161955,3,15,11,6,0,100,80,70,90,60,66,30,0,62.3,High
11.1272343313747,7.02427944057625,1374.88683329101,1,15,2,3,7,100,0,70,30,60,12,15,70,54.6,Moderate
13.9413376765717,7.2646668650532,1110.58033886227,1,24,12,7,8,100,0,70,30,96,72,35,80,68.3,High
12.7697835588843,9.39222392451703,757.580715820774,2,18,1,4,6,100,80,40,60,72,6,20,60,63.7,High
0.141337359045216,7.64250199704059,371.729789622841,1,0,6,2,1,0,0,0,30,0,36,10,10,7.3,Low
4.59747626400949,6.91654088830132,937.359179104338,0,4,5,3,0,40,0,40,0,16,30,15,0,18.2,Low
4.17938822470854,9.0641488580175,1499.39179029758,2,20,11,1,9,40,80,70,60,80,66,5,90,62.3,High
5.986861144687,5.21466653572016,1819.69612371735,2,22,10,18,9,70,80,100,60,88,60,90,90,81.1,Very High
14.1009299021451,9.39452869666299,1473.9299276634,3,14,10,1,8,100,80,70,90,56,60,5,80,70.7,High
0.269345982187681,8.62278950700585,186.666739461973,1,8,0,2,2,0,40,0,30,32,0,10,20,17.4,Low
2.81765778211577,7.11555242856714,104.502820783661,2,1,0,7,0,40,0,0,60,4,0,35,0,18.3,Low
0.170080866698417,7.04357895466427,183.390639750082,1,0,0,19,1,0,0,0,30,0,0,95,10,14,Low
0.693317669863933,6.91243585478071,1061.65418939865,2,0,5,5,2,0,0,70,60,0,30,25,20,20,Low
10.3592134625009,8.52851723727024,293.293919660427,3,2,3,7,3,100,40,0,90,8,18,35,30,43.5,Moderate
11.3574728725576,5.79325309389932,1554.50902648512,2,22,4,14,8,100,80,100,60,88,24,70,80,81.8,Very High
8.84127235366707,7.6971667838372,1252.47053512761,1,3,13,17,6,70,0,70,30,12,78,85,60,47.8,Moderate
0.559746255020031,6.6100469395377,451.22697287653,0,10,6,5,1,0,0,0,0,40,36,25,10,13.8,Low
6.81650493921761,9.14131042320445,1684.16489362166,3,14,4,2,4,70,80,100,90,56,24,10,40,60.4,High
7.21239014393996,5.39988034232148,1303.03427194542,1,19,12,7,0,70,80,70,30,76,72,35,0,54.3,Moderate
14.1297136001555,7.45547947455984,1806.74769633067,3,22,14,19,8,100,0,100,90,88,84,95,80,82.3,Very High
2.33205885333181,8.52808643043101,1327.90126213352,3,16,9,19,5,40,40,70,90,64,54,95,50,60.5,High
0.604890877979847,7.2099931886013,1016.21354379992,1,7,0,1,1,0,0,70,30,28,0,5,10,17.6,Low
7.42590424929121,5.71222896183118,1949.17000828652,1,21,7,6,9,70,80,100,30,84,42,30,90,70.4,High
14.2677171760359,5.75321409107784,942.012184094243,3,21,13,15,9,100,80,40,90,84,78,75,90,82.7,Very High
4.69547477130133,7.49074135265425,1234.80982669322,3,16,4,9,8,40,0,70,90,64,24,45,80,54.5,Moderate
10.9695477300124,5.6614583014285,184.602546295581,0,23,11,3,9,100,80,0,0,92,66,15,90,64.7,High
13.771176822905,5.2515191084805,1827.59778927119,3,24,14,15,5,100,80,100,90,96,84,75,50,85.4,Very High
11.6693582031527,6.36725567154343,558.657304256036,3,24,11,19,8,100,40,40,90,96,66,95,80,81,Very High
0.186151045801644,7.82386404289668,328.358951065343,3,10,8,1,0,0,0,0,90,40,48,5,0,19.9,Low
0.979789331655719,6.20183362750061,336.893181288928,1,3,9,2,4,0,40,0,30,12,54,10,40,19.1,Low
2.65895159930596,9.47246156283622,1916.92708279547,3,23,13,8,6,40,80,100,90,92,78,40,60,70.3,High
8.22845583853324,5.87131277867292,1482.87756474429,2,19,6,17,6,70,80,70,60,76,36,85,60,69.5,High
1.80214840277194,6.55739925736781,453.558330117783,0,8,4,3,0,40,0,0,0,32,24,15,0,17.1,Low
12.4678252215418,5.17518425607777,1205.58575777015,2,21,14,15,8,100,80,70,60,84,84,75,80,81.5,Very High
7.74956329843103,7.06807486983093,1984.47857705935,0,13,7,0,8,70,0,100,0,52,42,0,80,48.5,Moderate
1.34033504610449,5.0671419603158,1550.75311318655,2,21,10,15,7,40,80,100,60,84,60,75,70,69.8,High
0.792743720546064,7.03483202339679,377.360761726056,0,2,3,8,1,0,0,0,0,8,18,40,10,8,Low
12.1693472594458,5.20569626833346,1893.42875390212,3,16,6,11,9,100,80,100,90,64,36,55,90,80.6,Very High
12.5376549627437,8.58388197982333,402.242759962683,3,17,8,7,0,100,40,0,90,68,48,35,0,52.5,Moderate
8.31600743244324,8.2263196528768,1763.8288212301,0,16,12,6,4,70,0,100,0,64,72,30,40,49.4,Moderate
13.0566827329213,9.08959624144134,1077.54628531021,3,17,13,13,9,100,80,70,90,68,78,65,90,81.5,Very High
7.40979029149917,5.85904685170319,1626.53103125363,2,19,1,19,1,70,80,100,60,76,6,95,10,64.5,High
11.8336398766588,5.80004257893626,1972.68300633273,2,21,10,17,7,100,80,100,60,84,60,85,70,82.8,Very High
0.809950429061087,6.70817143174228,418.743628295426,2,1,8,2,6,0,0,0,60,4,48,10,60,19.2,Low
12.2757572763079,9.42035399631061,1360.43468296919,3,19,4,19,8,100,80,70,90,76,24,95,80,81.9,Very High
4.70564212892887,6.62316786646194,1182.84562557943,1,23,14,8,7,40,0,70,30,92,84,40,70,55.1,Moderate
0.0245626083513139,7.89982297379144,1394.96510025605,0,3,2,11,0,0,0,70,0,12,12,55,0,15.5,Low
13.3185634421311,5.27042718903987,1581.84412548141,3,17,10,17,8,100,80,100,90,68,60,85,80,84.1,Very High
0.279993506143845,5.36153136450636,270.077851585302,0,3,1,17,0,0,80,0,0,12,6,85,0,19.2,Low
11.4007509474142,8.92571125101489,691.918323568067,1,20,7,13,3,100,40,40,30,80,42,65,30,60.1,High
8.68568132084881,9.09284857678757,797.287894282439,1,4,7,2,6,70,80,40,30,16,42,10,60,44.3,Moderate
0.15376005994539,7.78446757543711,1614.8818342652,3,18,7,12,5,0,0,100,90,72,42,60,50,49,Moderate
0.149571619688517,8.03296703160783,1044.37461854094,3,2,6,1,0,0,0,70,90,8,36,5,0,19.9,Low
0.512690651678095,6.73223312671403,1789.50055536912,0,4,1,1,4,0,0,100,0,16,6,5,40,20,Low
7.45252640129814,5.70674917210641,1483.40853094538,3,21,13,16,9,70,80,70,90,84,78,80,90,80.2,Very High
3.69948814141654,6.3587205167839,1678.43315523953,3,20,10,14,9,40,40,100,90,80,60,70,90,70.5,High
11.0538071119644,5.4495196787438,1910.89990172038,3,11,3,15,2,100,80,100,90,44,18,75,20,67.2,High
12.3924729602338,8.8620699058185,387.05179258681,1,7,10,8,6,100,40,0,30,28,60,40,60,48.6,Moderate
6.69962196762839,5.37080387411392,985.21959878737,3,10,0,9,2,70,80,40,90,40,0,45,20,50.5,Moderate
7.95048711987513,6.17435144042874,250.871905566363,2,24,14,8,8,70,40,0,60,96,84,40,80,63.4,High
13.9728976753002,5.58299388303184,1057.19411870004,3,24,4,16,7,100,80,70,90,96,24,80,70,82.9,Very High
0.233854987577429,8.2176151338494,1495.00073809695,1,1,0,8,2,0,0,70,30,4,0,40,20,17.8,Low
10.6200745472315,5.30285898217326,595.823601800197,0,22,10,0,1,100,80,40,0,88,60,0,10,54.1,Moderate
10.0680376966955,5.19561495712575,1688.68075043181,3,24,8,2,9,100,80,100,90,96,48,10,90,83.1,Very High
0.211136451427865,7.39252474652668,733.627018158903,0,0,10,10,0,0,0,40,0,0,60,50,0,12,Low
13.2277500866015,5.64740729184555,1675.85414500183,1,0,0,8,2,100,80,100,30,0,0,40,20,48,Moderate
4.77228016461808,6.75847877655899,1692.36146562279,3,3,6,1,7,40,0,100,90,12,36,5,70,42.2,Moderate
3.05709383908356,6.44820196686135,353.647388206821,0,2,3,5,2,40,40,0,0,8,18,25,20,20,Low
14.7805796348886,5.44826493245569,1768.30801461409,3,23,14,18,8,100,80,100,90,92,84,90,80,90.6,Very High
0.603524331340135,5.5577664335972,143.429438109977,1,0,6,6,0,0,80,0,30,0,36,30,0,15.8,Low
12.2264792534051,6.02101192540971,505.515101775438,2,12,2,10,8,100,40,40,60,48,12,50,80,61.2,High
13.5265747460861,7.17627176923475,1826.6973481282,3,20,10,12,3,100,0,100,90,80,60,60,30,68.5,High
0.193820511933198,7.10949881940745,396.06043743553,0,6,9,2,1,0,0,0,0,24,54,10,10,10,Low
11.8192621562375,6.84818486457002,1360.91551602184,3,7,2,13,8,100,0,70,90,28,12,65,80,60.7,High
3.77861067593095,7.94181214974302,471.053010534705,0,4,6,5,1,40,0,0,0,16,36,25,10,17,Low
10.1855972650936,5.61175785950471,814.778616111455,3,22,13,18,9,100,80,40,90,88,78,90,90,85,Very High
0.409726460386873,7.86619739942261,313.635001601203,3,2,7,2,1,0,0,0,90,8,42,10,10,15.2,Low
10.9683260349985,8.68927268532867,1550.94229853254,3,23,5,10,9,100,40,100,90,92,30,50,90,81.4,Very High
2.81765778211577,7.11555242856714,104.502820783661,2,1,0,7,0,40,0,0,60,4,0,35,0,18.3,Low
1.34033504610449,5.0671419603158,1550.75311318655,2,21,10,15,7,40,80,100,60,84,60,75,70,69.8,High
7.40979029149917,5.85904685170319,1626.53103125363,2,19,1,19,1,70,80,100,60,76,6,95,10,64.5,High
0.688261632921752,8.24319200197245,875.33467305128,0,0,2,18,2,0,0,40,0,0,12,90,20,16.6,Low
13.3085773647854,5.39395605620683,1835.31869083837,2,23,9,9,7,100,80,100,60,92,54,45,70,80.1,Very High
0.592610511052795,7.27240915011362,319.43355348868,0,1,10,7,7,0,0,0,0,4,60,35,70,17.8,Low
11.7195113553634,5.5617104086163,559.263117226173,2,11,5,8,8,100,80,40,60,44,30,40,80,64.3,High
5.54640890064082,5.89375455440322,895.638809857554,1,3,1,8,4,70,80,40,30,12,6,40,40,41.7,Moderate
12.5115587509713,6.43456299231184,557.750438754323,3,20,0,15,4,100,40,40,90,80,0,75,40,66.5,High
0.308003863981053,6.62940660322474,267.807564739439,2,4,3,17,0,0,0,0,60,16,18,85,0,18.6,Low
12.1787666731718,5.04820384515902,718.357603509713,2,15,2,9,4,100,80,40,60,60,12,45,40,61.1,High
1.31651655575331,6.71761521710389,1523.40080903235,1,3,12,16,7,40,0,100,30,12,72,80,70,45.5,Moderate
10.1596853329124,8.89512423615063,1433.06622709694,3,22,5,3,7,100,40,70,90,88,30,15,70,71.1,High
12.9641241095117,5.0096228928416,663.787786939884,0,20,2,14,9,100,80,40,0,80,12,70,90,69.1,High
3.27866457969645,7.40573917804441,253.341207927069,1,0,4,3,0,40,0,0,30,0,24,15,0,13.7,Low
0.344206595399194,6.89312832825832,489.178432757664,0,9,9,2,6,0,0,0,0,36,54,10,60,19.9,Low
0.732451147319492,8.92112122484373,384.27355980289,2,3,14,3,1,0,40,0,60,12,84,15,10,19.6,Low
2.18950866361669,9.24658344170207,1118.24297432342,0,8,0,2,9,40,80,70,0,32,0,10,90,43.9,Moderate
2.60051476720703,8.71583148493275,883.098975516879,2,18,4,4,1,40,40,40,60,72,24,20,10,41.1,Moderate
6.00452536969046,8.27098224824844,307.414676556065,0,1,1,1,0,70,0,0,0,4,6,5,0,15.6,Low
12.4092675985768,6.94356478536232,531.987802805096,1,3,14,13,4,100,0,40,30,12,84,65,40,46.1,Moderate
14.7678684924813,9.26735446589262,513.195350710612,3,23,11,11,8,100,80,40,90,92,66,55,80,80.2,Very High
0.404098443451241,5.35207440726766,482.104760036438,0,2,3,19,0,0,80,0,0,8,18,95,0,20,Low
6.75010195466134,9.28936394779604,1667.63972205762,0,13,14,9,5,70,80,100,0,52,84,45,50,58.6,Moderate
12.3323975152252,5.80830340427387,1776.86460821519,2,7,14,7,8,100,80,100,60,28,84,35,80,69.3,High
11.9652599262208,8.56182383170856,168.754305107503,2,2,6,3,8,100,40,0,60,8,36,15,80,46.9,Moderate
0.500157854071116,7.10659186897237,368.902545342705,1,15,3,2,2,0,0,0,30,60,18,10,20,19.9,Low
11.9356576684286,5.12616215417855,1451.79452329123,1,21,13,3,4,100,80,70,30,84,78,15,40,66.2,High
14.310503084506,8.93367088063078,1243.91775337003,2,12,11,18,1,100,40,70,60,48,66,90,10,60.4,High
10.7158153744358,5.84528516573939,1059.59339848843,0,8,13,13,9,100,80,70,0,32,78,65,90,65.3,High
11.4229068819523,9.39084720257825,1788.29375582908,3,19,0,16,8,100,80,100,90,76,0,80,80,82.2,Very High
0.829721275092621,6.64113691570786,887.441142363254,0,5,5,7,1,0,0,40,0,20,30,35,10,14.5,Low
0.452392059729295,7.65508112849217,380.658164158151,1,9,3,5,3,0,0,0,30,36,18,25,30,18.1,Low
0.394193635669955,8.35870368251486,1076.05943368348,0,3,6,2,1,0,0,70,0,12,36,10,10,13.7,Low
0.608078526842277,7.57368373263556,286.783620951586,2,10,1,6,1,0,0,0,60,40,6,30,10,18.8,Low
14.118090274421,6.39925954882335,897.238310779749,2,4,8,5,2,100,40,40,60,16,48,25,20,45.1,Moderate
0.402460157428049,7.89530170602036,924.17381447138,0,9,4,11,0,0,0,40,0,36,24,55,0,17.9,Low
11.5554550215613,8.70456594814813,1564.24783326055,2,13,13,1,5,100,40,100,60,52,78,5,50,62.3,High
14.1726880457764,5.34091533050675,1228.98643420712,3,9,3,18,0,100,80,70,90,36,18,90,0,61.1,High
14.3035788808331,9.4386706412837,1453.01833662925,3,11,2,0,9,100,80,70,90,44,12,0,90,66.9,High
11.0127676552599,7.364014723818,1355.06175541393,3,7,1,1,0,100,0,70,90,28,6,5,0,42.4,Moderate
3.08292885288966,5.07350857606204,905.979624831237,2,10,12,13,8,40,80,40,60,40,72,65,80,56.1,Moderate
0.17848045220172,7.13900022572656,358.850917518747,1,11,9,7,1,0,0,0,30,44,54,35,10,19.5,Low
14.6554806570426,5.5072030344507,1553.47199073818,3,22,8,11,7,100,80,100,90,88,48,55,70,83,Very High
13.2968611074924,5.24786683261148,1733.10595136542,2,9,9,18,6,100,80,100,60,36,54,90,60,71.9,High
3.05466069416507,8.11335273124039,1970.5600318592,2,20,13,8,7,40,0,100,60,80,78,40,70,58.4,Moderate
11.1674048117636,7.90526922937121,1505.05641916702,1,12,0,2,2,100,0,100,30,48,0,10,20,46.6,Moderate
13.8654561268492,8.98867409085641,606.956393724385,3,23,5,0,4,100,40,40,90,92,30,0,40,62.9,High
12.0487284512788,6.09007920658115,1006.45836099637,3,17,7,9,1,100,40,70,90,68,42,45,10,61.7,High
0.37237279518218,6.59699089501229,930.941337703338,1,0,8,4,4,0,0,40,30,0,48,20,40,17.4,Low
14.8128188957674,6.66593602388953,1690.71997064705,0,19,3,10,6,100,0,100,0,76,18,50,60,60.1,High
12.8104529217177,9.05750392796386,1309.02314605068,3,13,0,19,2,100,80,70,90,52,0,95,20,66.9,High
5.95475802780213,5.05610246246216,1600.38675534795,2,24,14,17,8,70,80,100,60,96,84,85,80,81.9,Very High
0.618900926069829,7.55867228839966,1694.03829087494,3,18,2,7,7,0,0,100,90,72,12,35,70,48,Moderate
2.45677320636849,6.44606236531386,1645.1424292385,2,24,14,17,8,40,40,100,60,96,84,85,80,71.9,High
0.723231627952047,8.22758739165998,1285.17856201451,1,1,3,10,0,0,0,70,30,4,18,50,0,16.7,Low
11.0127676552599,7.364014723818,1355.06175541393,3,7,1,1,0,100,0,70,90,28,6,5,0,42.4,Moderate
13.1782962157623,9.32563115975465,1037.26958045384,2,18,13,19,8,100,80,70,60,72,78,95,80,80.8,Very High
5.89725036281604,8.85917260840314,617.90380724129,0,22,3,8,9,70,40,40,0,88,18,40,90,58,Moderate
7.88557597138694,5.49259438924319,1584.73777464021,2,14,12,5,8,70,80,100,60,56,72,25,80,67.3,High
0.884031122136444,7.15265429257395,356.824562149768,3,6,11,5,0,0,0,0,90,24,66,25,0,19.6,Low
5.46182281880675,5.16091581593305,1996.73978617675,1,23,6,13,7,70,80,100,30,92,36,65,70,72.2,High
10.9250700426705,8.78270934775312,1862.02827719478,0,1,8,1,4,100,40,100,0,4,48,5,40,43.7,Moderate
11.5941414363198,8.11552414226166,1108.86311481743,3,0,9,4,8,100,0,70,90,0,54,20,80,52.7,Moderate
4.62771324387793,8.38349885343058,666.988309273204,2,12,9,9,4,40,0,40,60,48,54,45,40,40.8,Moderate
14.4032744650432,8.93815451453274,218.27167677587,2,24,3,8,9,100,40,0,60,96,18,40,90,67.6,High
0.793557209795445,7.33066555407308,1223.07949632986,0,0,10,4,3,0,0,70,0,0,60,20,30,16.5,Low
10.4083763462574,5.63450140986922,108.437865476966,2,17,11,17,5,100,80,0,60,68,66,85,50,66.9,High
0.441469956184248,7.37876282108222,479.814581656242,2,13,0,4,1,0,0,0,60,52,0,20,10,19.9,Low
12.7394051422959,5.47293874517558,1586.57538781899,3,20,6,7,8,100,80,100,90,80,36,35,80,80.3,Very High
8.5557915842776,6.65589600793382,1507.18728294989,2,19,6,11,7,70,0,100,60,76,36,55,70,63,High
11.6871460238707,9.36833651925293,1741.71808579765,3,24,3,9,8,100,80,100,90,96,18,45,80,83.6,Very High
11.3624801156192,9.35620759793503,1848.28420722803,3,23,4,14,7,100,80,100,90,92,24,70,70,84.1,Very High
13.2019701889934,5.91737853062318,1647.77961314209,3,18,11,11,7,100,80,100,90,72,66,55,70,80.7,Very High
2.65895159930596,9.47246156283622,1916.92708279547,3,23,13,8,6,40,80,100,90,92,78,40,60,70.3,High
9.79428226752539,6.39128847978463,1270.65968564036,3,23,9,6,3,70,40,70,90,92,54,30,30,62.6,High
14.989436013006,9.4282098469275,1698.80897494874,1,24,7,19,6,100,80,100,30,96,42,95,60,80.8,Very High
10.7357201687916,8.1929123002061,1478.65243552732,1,18,10,11,4,100,0,70,30,72,60,55,40,58.9,Moderate
14.4196043997075,9.14003161167897,661.267899758316,2,22,13,19,8,100,80,40,60,88,78,95,80,81,Very High
12.9533934066174,8.90760651205419,1690.67029422621,0,4,14,6,7,100,40,100,0,16,84,30,70,54.9,Moderate
11.9063876661659,5.88726329400692,1412.84428757776,2,23,13,14,7,100,80,70,60,92,78,70,70,80.8,Very High
11.6392663543329,5.60965598766088,1983.18916130437,1,24,14,16,7,100,80,100,30,96,84,80,70,82.9,Very High
11.811724862713,5.85278456867827,1868.57936279481,3,19,14,16,6,100,80,100,90,76,84,80,60,83.4,Very High
4.48642949034209,9.36167252496116,1572.73541418725,0,4,14,10,2,40,80,100,0,16,84,50,20,41.4,Moderate
5.63608877002853,5.47899677846389,1554.89309086373,3,22,10,17,7,70,80,100,90,88,60,85,70,80.6,Very High
5.48040202262918,8.06990301114222,1650.36592813928,0,8,13,2,7,70,0,100,0,32,78,10,70,45.8,Moderate
4.6209929907936,8.12288162614556,480.196793175474,0,0,8,14,1,40,0,0,0,0,48,70,10,18.9,Low
5.8522500318069,8.44629509971358,1204.83601663828,0,16,6,1,4,70,0,70,0,64,36,5,40,42.1,Moderate
12.2305108988267,5.32684019029316,1481.1358486941,2,20,7,18,9,100,80,70,60,80,42,90,90,81.6,Very High
13.0138864201615,7.08635765429366,629.48329061638,3,23,0,1,3,100,0,40,90,92,0,5,30,56.4,Moderate
12.566949829538,9.37335617025353,1799.65237706271,2,24,6,12,7,100,80,100,60,96,36,60,70,81.5,Very High
11.553826071955,5.04066814572581,1152.02820136101,2,17,8,0,1,100,80,70,60,68,48,0,10,58.5,Moderate
0.117362172069548,6.29918331317156,988.52406952618,0,13,1,1,0,0,40,40,0,52,6,5,0,19.2,Low
2.9415397233674,5.88517290229707,1617.12780178247,3,11,13,6,9,40,80,100,90,44,78,30,90,64.2,High
10.9317706598823,5.32312102950357,1886.29807814029,2,20,0,9,2,100,80,100,60,80,0,45,20,67.5,High
5.54568928262137,7.75662261309803,1996.26867735126,3,8,13,14,3,70,0,100,90,32,78,70,30,54.8,Moderate
4.36735642462467,7.96189786293691,696.551075732426,1,1,0,1,0,40,0,40,30,4,0,5,0,16.3,Low
6.88397586197225,7.30970762103477,567.731255797943,0,0,1,0,0,70,0,40,0,0,6,0,0,18.3,Low
14.5593724501966,6.05498652080898,1847.17252401345,3,10,2,13,7,100,40,100,90,40,12,65,70,68.6,High
10.0597617737856,9.19807821937427,1756.86649031225,3,23,9,15,9,100,80,100,90,92,54,75,90,89.1,Very High
5.16454756036082,9.14244648151353,1552.13458140424,3,18,13,16,9,70,80,100,90,72,78,80,90,80.8,Very High
9.70511453509774,9.46913676558375,1216.73123815648,2,12,11,13,5,70,80,70,60,48,66,65,50,61.9,High
12.0236591009548,9.04200182748667,499.528372672351,1,14,4,10,9,100,80,0,30,56,24,50,90,61.9,High
11.2376338251566,7.73713022312412,1609.93536000187,0,23,12,2,5,100,0,100,0,92,72,10,50,60.5,High
0.622404739725436,6.83351751407972,316.429368205876,1,9,8,1,2,0,0,0,30,36,48,5,20,16.1,Low
1.94078354203231,5.77192920726446,651.874406329943,1,11,5,13,3,40,80,40,30,44,30,65,30,44.3,Moderate
5.12199446520418,7.5546387290548,1684.02247077679,3,22,2,12,5,70,0,100,90,88,12,60,50,64.7,High
0.359914290119441,7.29946389257733,480.434483352504,0,17,4,0,0,0,0,0,0,68,24,0,0,14.8,Low
13.1738874741206,5.3462225286208,1575.74003820743,1,21,12,16,8,100,80,100,30,84,72,80,80,81.4,Very High
2.30017579344853,7.36375374093417,159.685583613094,0,0,7,12,1,40,0,0,0,0,42,60,10,17.6,Low
5.85307980152652,5.33375293593211,1398.28168417151,1,0,12,0,4,70,80,70,30,0,72,0,40,41.6,Moderate
11.0643870925953,9.31060455062172,591.451145199342,3,22,14,14,9,100,80,40,90,88,84,70,90,83.3,Very High
0.758236719515499,8.40564184127537,1761.63580092202,0,3,5,6,2,0,0,100,0,12,30,30,20,19.9,Low
14.7789890814837,8.86242541512574,1522.7957266819,2,24,11,18,9,100,40,100,60,96,66,90,90,85,Very High
13.1542797653826,9.24508926158104,904.647208973996,3,24,10,17,8,100,80,40,90,96,60,85,80,83.7,Very High
14.9559486283472,7.8709456151257,576.50408633998,1,1,10,8,6,100,0,40,30,4,60,40,60,43.8,Moderate
0.922858490047133,7.11936370534667,124.139349106908,2,0,14,19,0,0,0,0,60,0,84,95,0,19.7,Low
0.820470027942266,8.43154982549081,739.408790019798,2,3,0,4,3,0,0,40,60,12,0,20,30,18.9,Low
1.55211901556623,8.65787625826233,988.454584076722,1,0,0,1,0,40,40,40,30,0,0,5,0,19.5,Low
13.9462007540299,5.63244523784254,1740.68596263681,3,23,8,16,7,100,80,100,90,92,48,80,70,86.3,Very High
9.05604855277994,9.06154698261248,1124.4131742608,3,3,6,10,6,70,80,70,90,12,36,50,60,56.2,Moderate
6.95011071186325,6.99806828230235,364.923765370826,0,8,12,16,8,70,0,0,0,32,72,80,80,44,Moderate
0.441469956184248,7.37876282108222,479.814581656242,2,13,0,4,1,0,0,0,60,52,0,20,10,19.9,Low
10.9086202566942,5.24542063508853,1514.34952280793,1,12,5,13,4,100,80,100,30,48,30,65,40,64.6,High
1.57219387164726,6.50554804488892,330.957242202468,1,1,5,2,2,40,0,0,30,4,30,10,20,17.3,Low
14.2620465214481,8.25442840379865,1630.57516015832,1,10,7,12,1,100,0,100,30,40,42,60,10,50.6,Moderate
0.0351061562653476,6.54572483215867,733.99607365259,1,4,4,0,3,0,0,40,30,16,24,0,30,15.9,Low
11.4377747982996,5.18922548474057,1885.5083381971,2,12,12,12,2,100,80,100,60,48,72,60,20,66.2,High
11.4229068819523,9.39084720257825,1788.29375582908,3,19,0,16,8,100,80,100,90,76,0,80,80,82.2,Very High
8.22845583853324,5.87131277867292,1482.87756474429,2,19,6,17,6,70,80,70,60,76,36,85,60,69.5,High
14.4666255895594,8.23333892014666,1805.43392747471,1,23,0,19,4,100,0,100,30,92,0,95,40,66.9,High
11.0543048399164,9.1130380882027,1556.44587154452,3,19,11,17,5,100,80,100,90,76,66,85,50,81.5,Very High
2.0369981363948,7.94046853475947,213.31004293757,1,3,2,4,0,40,0,0,30,12,12,20,0,16,Low
14.4921419681179,8.34910459212335,371.95147684154,1,19,7,17,2,100,0,0,30,76,42,85,20,51.8,Moderate
13.5233021470204,5.09792354087259,1317.80306352852,2,2,6,7,3,100,80,70,60,8,36,35,30,52.4,Moderate
0.329398665434445,6.67696092234949,466.82794759167,1,9,7,3,4,0,0,0,30,36,42,15,40,19.8,Low
14.9898856988002,5.63821214407478,1793.40611869019,3,12,0,7,2,100,80,100,90,48,0,35,20,63.1,High
3.74340504476744,5.9727114909734,924.730891371658,1,9,9,3,4,40,80,40,30,36,54,15,40,40.4,Moderate
9.57103553340337,9.26977794103841,1453.61893012035,1,5,14,10,5,70,80,70,30,20,84,50,50,52.7,Moderate
3.95196298873142,6.87676502961563,513.430744470028,0,4,6,0,0,40,0,40,0,16,36,0,0,17,Low
2.17966089605501,6.31469301722046,489.9818886233,0,23,11,13,1,40,40,0,0,92,66,65,10,41.7,Moderate
1.87359901385896,7.22372273585875,549.635132802268,0,4,7,3,0,40,0,40,0,16,42,15,0,18.8,Low
5.49988755255797,8.50316687055813,227.048189774735,2,21,14,4,3,70,40,0,60,84,84,20,30,51.5,Moderate
0.69359409979648,7.43156612505523,802.169628509431,0,5,5,7,0,0,0,40,0,20,30,35,0,13,Low
13.8879988704413,9.31275124465453,1841.47414762323,2,21,12,17,7,100,80,100,60,84,72,85,70,83.4,Very High
10.6057283923304,6.5785434420593,1646.44420146767,3,18,0,5,9,100,0,100,90,72,0,25,90,69.4,High
11.5533492256108,5.90211708962403,1753.63660656886,3,23,0,18,4,100,80,100,90,92,0,90,40,80.4,Very High
12.515695855325,7.25431521676735,1169.99381642812,0,9,1,2,6,100,0,70,0,36,6,10,60,44.5,Moderate
14.814824231641,5.61249707027063,1156.96164038625,2,24,7,18,9,100,80,70,60,96,42,90,90,84.8,Very High
14.7805796348886,5.44826493245569,1768.30801461409,3,23,14,18,8,100,80,100,90,92,84,90,80,90.6,Very High
11.985880941844,5.49211572559035,138.341493255334,0,13,0,16,7,100,80,0,0,52,0,80,70,56.9,Moderate
8.61504918005058,7.83080286192755,587.834949844864,3,19,3,10,9,70,0,40,90,76,18,50,90,61.6,High
14.0000613752458,5.10095264348867,1086.17703765614,3,24,14,8,8,100,80,70,90,96,84,40,80,83.4,Very High
11.0543048399164,9.1130380882027,1556.44587154452,3,19,11,17,5,100,80,100,90,76,66,85,50,81.5,Very High
10.5137990750838,7.71008942750374,1882.35518618258,3,2,5,3,1,100,0,100,90,8,30,15,10,45.1,Moderate
13.4801114888717,6.06941983600615,1865.56085904541,3,12,9,6,8,100,40,100,90,48,54,30,80,70.3,High
9.86876821790955,9.12412182831776,1138.46092415138,3,24,5,19,8,70,80,70,90,96,30,95,80,80.2,Very High
4.693653539849,5.72854212428249,1320.9397627281,1,22,7,16,5,40,80,70,30,88,42,80,50,61.2,High
7.91326867641427,5.67596999971151,1163.26907564821,0,21,5,12,6,70,80,70,0,84,30,60,60,62.3,High
11.5815424822902,7.17604988933073,1477.47973897832,3,20,8,16,5,100,0,70,90,80,48,80,50,69.9,High
0.464956826051153,6.16662763126336,237.470737771185,2,1,9,0,4,0,40,0,60,4,54,0,40,19.5,Low
5.60177632503488,9.40969156132776,659.475469149334,2,3,8,11,6,70,80,40,60,12,48,55,60,51.3,Moderate
3.19975148674004,8.37610197173981,301.714208661373,0,5,3,2,2,40,0,0,0,20,18,10,20,16.9,Low
2.58378938808403,9.18859232327184,1115.23836451408,2,20,8,1,7,40,80,70,60,80,48,5,70,58.4,Moderate
10.7799348529115,5.49591791636312,1203.33160249014,2,23,5,8,8,100,80,70,60,92,30,40,80,76.9,High
11.2372172608528,7.10150958773174,1492.79160042003,2,14,6,0,4,100,0,70,60,56,36,0,40,52,Moderate
13.3977755982476,6.71016740629873,1902.75427162176,2,22,8,19,4,100,0,100,60,88,48,95,40,71.5,High
7.26358350932788,9.27993286684052,1389.17388328489,2,10,14,18,6,70,80,70,60,40,84,90,60,65.2,High
14.2601569216547,6.40656933723582,1355.94549600308,3,24,9,10,5,100,40,70,90,96,54,50,50,74.4,High
7.37003953544478,8.56958355708889,1384.4648769928,2,18,0,15,8,70,40,70,60,72,0,75,80,64.9,High
13.5380557617352,5.0399944475397,1369.66152536626,3,21,13,14,7,100,80,70,90,84,78,70,70,82.2,Very High
6.14369145460883,7.08637130814152,1986.97754628733,3,14,10,19,2,70,0,100,90,56,60,95,20,59.7,Moderate
12.1466145668797,8.49017455655174,1631.01435419272,2,20,0,15,3,100,0,100,60,80,0,75,30,64,High
13.0349037300847,8.39805640237161,1964.36386869714,3,23,10,19,9,100,0,100,90,92,60,95,90,83.4,Very High
13.9947149910806,8.84163561005255,1512.46543316392,3,16,7,7,3,100,40,100,90,64,42,35,30,65.9,High
0.924593510522065,6.87475096006508,469.103452914212,3,2,4,7,0,0,0,0,90,8,24,35,0,15.3,Low
0.581388107326619,7.44182098214565,672.885932374137,0,18,0,2,0,0,0,40,0,72,0,10,0,19.4,Low
4.79166015142956,6.09156544774127,1983.4466544362,0,18,11,18,9,40,40,100,0,72,66,90,90,62.2,High
3.38106681608558,6.63857238573211,553.547458981904,0,0,7,6,1,40,0,40,0,0,42,30,10,18.6,Low
0.279993506143845,5.36153136450636,270.077851585302,0,3,1,17,0,0,80,0,0,12,6,85,0,19.2,Low
12.3832967583411,5.71321033462818,1042.81303194018,1,13,8,16,6,100,80,70,30,52,48,80,60,67.8,High
10.0812281846111,5.33921342964672,978.254857983835,1,4,14,5,3,100,80,40,30,16,84,25,30,49.4,Moderate
12.4518365272163,5.82464810156163,1514.27050418002,2,22,11,17,5,100,80,100,60,88,66,85,50,80.9,Very High
6.14369145460883,7.08637130814152,1986.97754628733,3,14,10,19,2,70,0,100,90,56,60,95,20,59.7,Moderate
0.583013356011354,8.34886780432551,1402.27048907552,1,0,7,4,2,0,0,70,30,0,42,20,20,17.1,Low
13.7921035648683,6.21167931826412,1905.62933350964,3,20,8,11,9,100,40,100,90,80,48,55,90,80.4,Very High
11.9463126501909,5.94903736307589,1295.8998219875,1,13,0,16,8,100,80,70,30,52,0,80,80,68.4,High
13.1117647835265,8.65522650068972,1153.6772182863,1,16,12,1,1,100,40,70,30,64,72,5,10,52.4,Moderate
0.0437125615433953,7.95290643861873,355.68625840241,2,9,2,10,0,0,0,0,60,36,12,50,0,18.8,Low
1.04994227177194,8.18453230182547,378.497311700401,0,3,11,8,0,40,0,0,0,12,66,40,0,17.7,Low
10.6889062886741,9.30778636444567,230.458379780058,0,22,4,7,8,100,80,0,0,88,24,35,80,62.3,High
14.9634667778739,5.14283768276678,1372.83938637269,2,22,8,18,7,100,80,70,60,88,48,90,70,80.5,Very High
0.154810428803353,8.51860994224406,593.623350224109,0,1,1,3,4,0,40,40,0,4,6,15,40,16.6,Low
10.600666362565,8.90950156229859,150.438225432973,1,20,11,18,0,100,40,0,30,80,66,90,0,55.3,Moderate
6.96297845740301,9.32569148544831,1643.06151652086,3,23,12,7,4,70,80,100,90,92,72,35,40,72.5,High
9.68333720973262,8.13681230357746,730.465683920475,2,7,6,12,5,70,0,40,60,28,36,60,50,44.9,Moderate
0.394193635669955,8.35870368251486,1076.05943368348,0,3,6,2,1,0,0,70,0,12,36,10,10,13.7,Low
11.7920197593932,5.66232472525405,1545.19160512019,3,6,12,1,2,100,80,100,90,24,72,5,20,58.9,Moderate
13.9213325556155,5.5531342020592,1520.86661414243,3,21,13,10,6,100,80,100,90,84,78,50,60,81.7,Very High
12.7442704085265,5.85857285973815,1161.56343262644,2,23,0,15,9,100,80,70,60,92,0,75,90,80.4,Very High
14.898961393846,9.24864020772948,1749.01610743537,3,17,9,14,8,100,80,100,90,68,54,70,80,82.3,Very High
12.4448310862895,5.85682931459453,1296.65962217207,0,21,3,10,5,100,80,70,0,84,18,50,50,65.2,High
7.26358350932788,9.27993286684052,1389.17388328489,2,10,14,18,6,70,80,70,60,40,84,90,60,65.2,High
13.0391145431405,7.52485424334934,494.734102746275,0,15,11,15,6,100,0,0,0,60,66,75,60,51.8,Moderate
13.9540575028623,5.69250953327769,1583.77810769398,2,22,10,18,9,100,80,100,60,88,60,90,90,87.1,Very High
9.2040446682491,7.01935483420322,1828.45382991045,3,12,7,17,5,70,0,100,90,48,42,85,50,60.7,High
11.9528853361223,8.11435826962139,1952.69369576151,3,17,7,2,4,100,0,100,90,68,42,10,40,61.7,High
1.5080459347359,8.20665945548739,1811.26375536167,0,0,6,0,0,40,0,100,0,0,36,0,0,19.8,Low
10.1223132911797,7.29444151538811,207.087380000639,1,23,0,17,9,100,0,0,30,92,0,85,90,63.4,High
12.7264856905032,9.02894379983968,866.062511882531,0,7,9,3,9,100,80,40,0,28,54,15,90,55.3,Moderate
7.17612953462075,7.72215446098917,1540.15283205334,2,9,13,1,6,70,0,100,60,36,78,5,60,50.6,Moderate
12.4994998736554,5.23151462102836,258.563768904925,1,18,4,1,9,100,80,0,30,72,24,5,90,60.6,High
11.8192621562375,6.84818486457002,1360.91551602184,3,7,2,13,8,100,0,70,90,28,12,65,80,60.7,High
6.5433162014106,9.03578544694848,336.693602375756,3,14,9,13,9,70,80,0,90,56,54,65,90,64.9,High
5.87517127722506,7.37354749663928,579.959933143887,1,10,7,11,9,70,0,40,30,40,42,55,90,50.1,Moderate
11.6518620134658,7.98481162423732,948.786996988885,1,22,6,1,5,100,0,40,30,88,36,5,50,54.4,Moderate
12.7834246497723,5.96443383842203,1545.91058419523,2,22,1,14,8,100,80,100,60,88,6,70,80,80.9,Very High
13.3212142742894,6.74943873926045,1507.23710605889,2,16,6,3,7,100,0,100,60,64,36,15,70,62.6,High
0.779489723567313,8.43701653879869,602.523071256612,1,3,3,4,3,0,0,40,30,12,18,20,30,16.8,Low
0.149135642922131,6.7254484574805,325.887193158411,1,0,9,5,2,0,0,0,30,0,54,25,20,11.2,Low
10.5532592050232,8.5796156545184,224.8536121317,3,17,3,14,8,100,40,0,90,68,18,70,80,66.5,High
14.4916847394952,5.5520604830422,1140.90114635629,3,16,10,18,8,100,80,70,90,64,60,90,80,80.8,Very High
5.22602009331528,5.19060673973694,991.09708655776,3,18,2,3,5,70,80,40,90,72,12,15,50,59,Moderate
4.693653539849,5.72854212428249,1320.9397627281,1,22,7,16,5,40,80,70,30,88,42,80,50,61.2,High
14.1242969695608,6.36441392891291,1067.24241902269,3,3,3,4,2,100,40,70,90,12,18,20,20,48.3,Moderate
1.94641009092343,6.36287800135759,460.793173872505,0,0,14,0,2,40,40,0,0,0,84,0,20,19.2,Low
9.0252984144583,6.42098585164396,224.330163798893,1,13,12,11,4,70,40,0,30,52,72,55,40,46.5,Moderate
1.94641009092343,6.36287800135759,460.793173872505,0,0,14,0,2,40,40,0,0,0,84,0,20,19.2,Low
14.9285320896847,7.87939671247487,1848.55254382753,3,22,8,16,9,100,0,100,90,88,48,80,90,80.5,Very High
0.791094439976067,7.22236290291435,1949.448547626,0,0,4,1,5,0,0,100,0,0,24,5,50,19.2,Low
11.8664345434258,9.25091825645605,741.71614928006,3,24,13,16,7,100,80,40,90,96,78,80,70,82.6,Very High
9.29458188042941,8.34954473034858,1434.47747140781,3,19,9,6,8,70,0,70,90,76,54,30,80,62.9,High
0.759383797433679,6.72525227205148,628.742043716465,0,2,5,16,2,0,0,40,0,8,30,80,20,18.1,Low
12.2803289125974,9.10163882499542,477.198260982675,3,7,11,18,4,100,80,0,90,28,66,90,40,60.9,High
3.46692432372121,6.66161637390234,777.451575743388,0,0,14,1,2,40,0,40,0,0,84,5,20,19.7,Low
14.6547649652716,7.31997099440009,1899.17292058382,3,22,12,18,9,100,0,100,90,88,72,90,90,82.7,Very High
10.2079741640441,5.90745036910454,1936.95553668503,2,24,10,7,8,100,80,100,60,96,60,35,80,81.7,Very High
11.4365058868203,5.4359025232482,1972.11008012348,2,24,4,18,5,100,80,100,60,96,24,90,50,80.9,Very High
10.1678753999871,9.33577516253491,1658.81702424645,3,21,0,13,7,100,80,100,90,84,0,65,70,80.8,Very High
0.039768094405766,7.12060278031435,856.399558326796,0,13,2,3,2,0,0,40,0,52,12,15,20,19.5,Low
0.238595238650526,7.20923705592198,361.718717543813,0,13,0,5,2,0,0,0,0,52,0,25,20,15.9,Low
0.293376985189641,6.58731160120541,331.571093518319,2,10,6,3,0,0,0,0,60,40,36,15,0,17.3,Low
6.21242492145545,8.32599082577892,1808.23399068407,3,17,9,16,5,70,0,100,90,68,54,80,50,64.8,High
11.4878358218586,5.72854072113035,1952.63021120595,3,24,7,15,3,100,80,100,90,96,42,75,30,80.3,Very High
6.40462556546934,8.93604517061436,784.705915441167,3,24,10,5,8,70,40,40,90,96,60,25,80,67.7,High
1.82099562701848,8.26924165960623,390.344960907744,1,8,0,0,1,40,0,0,30,32,0,0,10,18.9,Low
8.276629460096,5.59716340838539,1049.11630416202,2,9,2,6,2,70,80,70,60,36,12,30,20,48.8,Moderate
13.0349037300847,8.39805640237161,1964.36386869714,3,23,10,19,9,100,0,100,90,92,60,95,90,83.4,Very High
0.745763268182506,6.40861576787024,112.00106949832,1,1,5,8,2,0,40,0,30,4,30,40,20,16.3,Low
5.54640890064082,5.89375455440322,895.638809857554,1,3,1,8,4,70,80,40,30,12,6,40,40,41.7,Moderate
13.7124681409332,7.71326664723712,354.058648351199,2,14,1,16,6,100,0,0,60,56,6,80,60,54.5,Moderate
11.4943754869293,7.73301001204408,1558.99858527792,1,7,7,13,8,100,0,100,30,28,42,65,80,59.2,Moderate
11.030522615276,9.2755558187873,1542.63122988926,2,23,4,17,6,100,80,100,60,92,24,85,60,81.1,Very High
0.255356762484896,6.09033264521403,1010.29200457241,1,3,11,0,0,0,40,70,30,12,66,0,0,19.7,Low
14.1496845643059,9.26933924524086,1917.35258389425,3,23,8,18,3,100,80,100,90,92,48,90,30,81.3,Very High
12.0885126884802,6.49069598957678,1943.48795431315,3,19,13,19,9,100,40,100,90,76,78,95,90,85.1,Very High
5.06892467181787,8.96614252911139,918.204992124068,1,22,4,1,7,70,40,40,30,88,24,5,70,54.8,Moderate
3.31613307816977,5.1031991552278,1252.85528826444,1,23,1,16,9,40,80,70,30,92,6,80,90,66.2,High
0.379837077539279,7.48293178870731,154.080279029017,0,5,11,3,0,0,0,0,0,20,66,15,0,8.8,Low
12.2889341462686,6.15890097707128,440.14287693143,3,19,13,10,7,100,40,0,90,76,78,50,70,67.6,High
10.2783234379167,5.79133810159795,1980.71332496853,3,21,2,12,8,100,80,100,90,84,12,60,80,82.4,Very High
1.36899797188021,7.98165742625445,175.101511342353,0,7,5,5,0,40,0,0,0,28,30,25,0,17.6,Low
0.758236719515499,8.40564184127537,1761.63580092202,0,3,5,6,2,0,0,100,0,12,30,30,20,19.9,Low
14.9318137342369,9.16732908293369,1878.80386027972,3,24,11,19,4,100,80,100,90,96,66,95,40,85,Very High
0.583013356011354,8.34886780432551,1402.27048907552,1,0,7,4,2,0,0,70,30,0,42,20,20,17.1,Low
0.391132133882424,8.05035528814653,1347.98981100028,1,1,0,4,0,0,0,70,30,4,0,20,0,12.8,Low
11.2805251468185,7.20186772600879,1649.53322457565,0,23,13,2,6,100,0,100,0,92,78,10,60,62.3,High
7.38934962417612,8.57257113647192,657.462935540771,2,15,13,12,7,70,40,40,60,60,78,60,70,60.4,High
10.0268318198385,5.15418249003975,1119.45565903236,3,22,2,19,6,100,80,70,90,88,12,95,60,80.7,Very High
13.7665059921207,5.15274002052802,1827.7292937995,3,21,14,19,3,100,80,100,90,84,84,95,30,82,Very High
0.817001927751505,6.41331784863336,232.528889571835,0,12,3,8,1,0,40,0,0,48,18,40,10,20,Low
1.32233043975077,5.52545666244454,1884.53028595294,1,18,11,10,2,40,80,100,30,72,66,50,20,54.7,Moderate
5.91526278139675,7.55582129971281,1030.83586123302,2,22,11,17,4,70,0,70,60,88,66,85,40,62.4,High
1.97851940726652,7.2066576009695,236.817219235772,0,0,7,0,3,40,0,0,0,0,42,0,30,14.6,Low
2.08050999176526,5.81866834696004,1110.84707589996,1,15,3,8,5,40,80,70,30,60,18,40,50,50.4,Moderate
0.961184790841383,7.93671049950982,256.376849582667,1,6,5,6,1,0,0,0,30,24,30,30,10,13.8,Low
0.115879747834319,8.28546933877071,481.097210410975,0,15,0,9,0,0,0,0,0,60,0,45,0,16.5,Low
10.8583371816541,5.9853265800434,954.280325154949,2,11,10,8,1,100,80,40,60,44,60,40,10,55.3,Moderate
5.8522500318069,8.44629509971358,1204.83601663828,0,16,6,1,4,70,0,70,0,64,36,5,40,42.1,Moderate
12.1743181865327,5.79711481616537,1651.57725620104,3,24,5,7,6,100,80,100,90,96,30,35,60,80.2,Very High
11.2805251468185,7.20186772600879,1649.53322457565,0,23,13,2,6,100,0,100,0,92,78,10,60,62.3,High
0.759383797433679,6.72525227205148,628.742043716465,0,2,5,16,2,0,0,40,0,8,30,80,20,18.1,Low
14.8957262302692,7.39433390264122,1959.52856245147,2,9,3,11,6,100,0,100,60,36,18,55,60,58.6,Moderate
2.38231059739525,9.40715356983433,1758.95729989742,1,20,1,10,6,40,80,100,30,80,6,50,60,59.3,Moderate
14.9218542629215,5.34355733898585,1793.35137835714,3,24,4,9,7,100,80,100,90,96,24,45,70,82.4,Very High
14.0327171075716,6.0917794453928,1817.8538919664,0,15,10,14,5,100,40,100,0,60,60,70,50,63.5,High
0.622587598138782,6.923221495833,1221.59627011315,0,3,9,11,0,0,0,70,0,12,54,55,0,17.6,Low
3.69948814141654,6.3587205167839,1678.43315523953,3,20,10,14,9,40,40,100,90,80,60,70,90,70.5,High
0.621244894631267,7.27131372642593,366.279601542792,0,7,3,3,4,0,0,0,0,28,18,15,40,14,Low
6.88082177943911,8.39165797443818,565.748507259796,2,22,13,16,9,70,0,40,60,88,78,80,90,67,High
10.9374895036087,8.31902467736324,142.756607951047,1,12,5,15,1,100,0,0,30,48,30,75,10,43.1,Moderate
0.0126610631092516,7.48415583400507,1601.25930550069,0,17,2,17,9,0,0,100,0,68,12,85,90,46.2,Moderate
12.6791563689601,5.35101302970488,1040.61566347301,0,4,9,4,8,100,80,70,0,16,54,20,80,54.9,Moderate
10.3689201761765,8.93770971954262,1679.9383563212,2,24,14,19,5,100,40,100,60,96,84,95,50,80.4,Very High
0.450861590537744,7.68001624445954,1597.51182336509,0,1,6,4,1,0,0,100,0,4,36,20,10,16.1,Low
14.8128188957674,6.66593602388953,1690.71997064705,0,19,3,10,6,100,0,100,0,76,18,50,60,60.1,High
10.837518884427,9.17989281349789,1596.75643103338,1,23,12,14,8,100,80,100,30,92,72,70,80,82,Very High
13.2572294990341,5.1679437687622,554.061130759517,3,5,10,15,6,100,80,40,90,20,60,75,60,64.5,High
1.57219387164726,6.50554804488892,330.957242202468,1,1,5,2,2,40,0,0,30,4,30,10,20,17.3,Low
4.51561190214535,7.08208014973055,486.541275180677,0,0,8,3,4,40,0,0,0,0,48,15,40,17.9,Low
14.5777270452305,9.03402719952718,139.281381486731,0,22,8,13,4,100,80,0,0,88,48,65,40,60.5,High
12.3832967583411,5.71321033462818,1042.81303194018,1,13,8,16,6,100,80,70,30,52,48,80,60,67.8,High
0.466383797352271,7.01218535220465,564.694008554108,3,14,13,19,7,0,0,40,90,56,78,95,70,48.1,Moderate
0.4103980975065,8.46029972553965,343.929442132424,1,1,4,17,1,0,0,0,30,4,24,85,10,15,Low
0.735344003340877,7.33289071241926,205.062997265301,0,0,2,10,4,0,0,0,0,0,12,50,40,11.6,Low
11.098755401689,6.65699826657105,1985.51611229677,1,10,11,6,5,100,0,100,30,40,66,30,50,54.8,Moderate
11.7920197593932,5.66232472525405,1545.19160512019,3,6,12,1,2,100,80,100,90,24,72,5,20,58.9,Moderate
0.0039935105511829,7.49703580413797,362.235555146406,2,6,11,10,0,0,0,0,60,24,66,50,0,19.1,Low
2.86703304274752,7.93711526320931,773.780477111068,0,0,11,3,0,40,0,40,0,0,66,15,0,16.8,Low
11.2125906884962,7.83817590600804,1234.19891674141,0,20,13,19,9,100,0,70,0,80,78,95,90,69.9,High
6.94196124151847,5.64560350586495,1289.82273180563,3,24,13,13,9,70,80,70,90,96,78,65,90,81.1,Very High
7.51826993788395,5.95259607210687,984.124309838097,1,17,8,14,6,70,80,40,30,68,48,70,60,61,High
14.8279971497033,8.76358284621936,1600.37128597956,0,19,3,2,7,100,40,100,0,76,18,10,70,61.6,High
14.9618525912589,9.28512633459354,1479.44027922032,3,19,8,19,7,100,80,70,90,76,48,95,70,81.6,Very High
4.5169636846477,5.88914161081985,862.9801389144,2,20,3,15,9,40,80,40,60,80,18,75,90,63.9,High
13.9159081973402,6.14847775021066,1507.88337485815,1,2,8,1,6,100,40,100,30,8,48,5,60,50.5,Moderate
11.0205334233562,8.61938961925472,1266.50097128311,3,0,1,1,8,100,40,70,90,0,6,5,80,52.8,Moderate
0.372521656324936,7.87856158083136,656.551046002398,3,0,9,1,0,0,0,40,90,0,54,5,0,16.2,Low
0.552351008069276,7.70126532049513,572.130215014237,2,0,7,1,2,0,0,40,60,0,42,5,20,15.6,Low
2.14052861657479,7.03699970987316,753.311405075062,3,24,2,16,6,40,0,40,90,96,12,80,60,57.8,Moderate
11.1338830022266,7.0968947420052,1941.10229784529,3,7,7,5,8,100,0,100,90,28,42,25,80,61.2,High
11.9561302196719,9.34594097185257,1065.04918441588,3,24,14,13,7,100,80,70,90,96,84,65,70,84.4,Very High
12.0477151124468,9.25090108449399,1719.0217516888,3,16,9,9,9,100,80,100,90,64,54,45,90,80.5,Very High
14.1851176510213,9.47356852374196,1633.17934367228,3,20,9,14,5,100,80,100,90,80,54,70,50,80.2,Very High
3.33026071071409,6.49778792906247,433.903459445042,1,11,12,17,6,40,40,0,30,44,72,85,60,44.9,Moderate
12.9849033582791,5.92897905818249,104.895708407109,3,24,5,18,9,100,80,0,90,96,30,90,90,80.2,Very High
11.9652599262208,8.56182383170856,168.754305107503,2,2,6,3,8,100,40,0,60,8,36,15,80,46.9,Moderate
0.7745542268123,7.52267427051275,1411.32127594317,1,0,1,9,2,0,0,70,30,0,6,45,20,17.8,Low
4.17938822470854,9.0641488580175,1499.39179029758,2,20,11,1,9,40,80,70,60,80,66,5,90,62.3,High
10.4684318577856,5.11378074621158,1708.95280428735,3,24,14,18,8,100,80,100,90,96,84,90,80,91.4,Very High
2.90890240036975,6.83363874723588,117.87048137644,0,0,5,19,0,40,0,0,0,0,30,95,0,19,Low
6.74144906227109,8.12794903993054,788.570630017578,3,21,3,18,7,70,0,40,90,84,18,90,70,64.2,High
2.27907461815891,5.98923882702261,1936.34221707098,0,18,6,14,9,40,80,100,0,72,36,70,90,62.7,High
14.1851796711293,9.19300290372929,638.355558180938,2,22,5,19,9,100,80,40,60,88,30,95,90,80.1,Very High
6.02095599738827,6.7150548835461,801.485657027054,1,8,11,1,9,70,0,40,30,32,66,5,90,44.7,Moderate
0.56465795550067,6.0629922146592,328.078190057896,0,0,9,10,4,0,40,0,0,0,54,50,40,17.7,Low
12.7697835588843,9.39222392451703,757.580715820774,2,18,1,4,6,100,80,40,60,72,6,20,60,63.7,High
0.642719088917401,8.1023760102231,1187.2836483099,1,7,9,1,0,0,0,70,30,28,54,5,0,18.8,Low
2.64850606522398,7.36942764581078,1626.64743663016,3,20,8,15,8,40,0,100,90,80,48,75,80,64.9,High
4.17938822470854,9.0641488580175,1499.39179029758,2,20,11,1,9,40,80,70,60,80,66,5,90,62.3,High
12.8130154949681,9.1140005341126,1784.8957450317,3,16,7,19,8,100,80,100,90,64,42,95,80,83.4,Very High
0.43783786488819,8.37086716404845,171.595285898815,0,0,13,2,5,0,0,0,0,0,78,10,50,12.4,Low
14.331437071477,6.59996964560814,1387.92280562411,3,17,1,4,8,100,0,70,90,68,6,20,80,63.9,High
4.82342141227394,8.57075214816442,931.373537284699,3,9,9,19,9,40,40,40,90,36,54,95,90,57.9,Moderate
7.43205043579851,7.94306290381346,1225.63241204828,3,24,7,18,1,70,0,70,90,96,42,90,10,61.8,High
0.832552393947689,6.88842242473201,259.718163479869,2,1,3,13,0,0,0,0,60,4,18,65,0,14.2,Low
0.0232267758646492,8.34986568199363,1134.05310483786,0,4,2,6,3,0,0,70,0,16,12,30,30,18.3,Low
0.635949839769261,7.9048844475693,1513.26322304185,0,4,9,2,1,0,0,100,0,16,54,10,10,18.4,Low
14.1868347091136,9.28774714070962,1857.01412412504,3,15,2,19,8,100,80,100,90,60,12,95,80,81.1,Very High
6.03456011451789,7.06446178705415,1527.99788696294,1,23,9,18,9,70,0,100,30,92,54,90,90,70.6,High
12.4996429288231,8.67071809446898,751.957444370239,3,19,10,12,1,100,40,40,90,76,60,60,10,62.7,High
9.51324159081418,6.40830261143728,266.025509238681,1,12,9,12,8,70,40,0,30,48,54,60,80,51.3,Moderate
10.3592134625009,8.52851723727024,293.293919660427,3,2,3,7,3,100,40,0,90,8,18,35,30,43.5,Moderate
2.60581802635616,5.7042211307226,320.213783090241,2,16,4,11,2,40,80,0,60,64,24,55,20,44.5,Moderate
5.26965861404502,5.22393010703631,1873.43094773627,2,8,12,19,3,70,80,100,60,32,72,95,30,62,High
5.49681368865244,7.81794017073566,178.173429456582,2,15,0,11,6,70,0,0,60,60,0,55,60,46.5,Moderate
13.0138864201615,7.08635765429366,629.48329061638,3,23,0,1,3,100,0,40,90,92,0,5,30,56.4,Moderate
4.85747255030766,8.02699898524524,917.043548558816,0,1,11,5,0,40,0,40,0,4,66,25,0,18.6,Low
14.5593724501966,6.05498652080898,1847.17252401345,3,10,2,13,7,100,40,100,90,40,12,65,70,68.6,High
0.0762993822831575,5.77300256836525,1934.70746232662,1,19,1,6,2,0,80,100,30,76,6,30,20,42.5,Moderate
12.2954907880196,5.14138110490484,1579.31235010099,3,15,4,17,8,100,80,100,90,60,24,85,80,80.7,Very High
8.02029702251021,5.43698563023521,1378.33409614336,3,15,3,19,9,70,80,70,90,60,18,95,90,73.9,High
12.9984055015079,8.07920597357115,1176.95077127321,1,1,13,13,6,100,0,70,30,4,78,65,60,50.2,Moderate
7.35420087957825,9.05992139084418,493.090232972319,3,21,5,18,8,70,80,0,90,84,30,90,80,70.3,High
11.8369363486437,9.17537030432284,1996.75923219897,3,14,10,19,7,100,80,100,90,56,60,95,70,81.2,Very High
0.0015165545199913,8.15610397304068,202.841289943511,2,0,1,3,2,0,0,0,60,0,6,15,20,10.8,Low
6.73499523808635,7.50888433642648,805.884812661791,2,7,11,2,8,70,0,40,60,28,66,10,80,45.9,Moderate
0.28249699935911,8.07868719332073,327.108805510873,3,1,4,4,0,0,0,0,90,4,24,20,0,13,Low
8.89955677482975,5.08762714553328,1201.70645386864,0,21,13,5,7,70,80,70,0,84,78,25,70,62.7,High
14.118090274421,6.39925954882335,897.238310779749,2,4,8,5,2,100,40,40,60,16,48,25,20,45.1,Moderate
9.55718413294391,5.15496318674782,112.874919894443,2,20,1,13,6,70,80,0,60,80,6,65,60,59.8,Moderate
11.1913112238593,5.11472465131839,1873.27556448042,3,16,13,15,9,100,80,100,90,64,78,75,90,84.7,Very High
10.6407473447065,5.80219592543741,641.538319486905,2,21,14,17,9,100,80,40,60,84,84,85,90,81,Very High
14.5147014754554,8.28914821507428,1942.46328268736,3,21,14,3,1,100,0,100,90,84,84,15,10,63,High
14.1851796711293,9.19300290372929,638.355558180938,2,22,5,19,9,100,80,40,60,88,30,95,90,80.1,Very High
13.4423061174229,5.53732103557963,1695.60486956058,2,14,13,19,9,100,80,100,60,56,78,95,90,82.1,Very High
14.3283834328656,5.59068882460292,675.295412425936,0,5,5,1,5,100,80,40,0,20,30,5,50,45.5,Moderate
13.9384552713201,6.45247500142312,1026.39985144385,0,4,2,12,9,100,40,70,0,16,12,60,90,54.3,Moderate
0.117394727312402,5.01019494389136,383.2285503186,0,0,11,6,3,0,80,0,0,0,66,30,30,18.8,Low
12.4518365272163,5.82464810156163,1514.27050418002,2,22,11,17,5,100,80,100,60,88,66,85,50,80.9,Very High
14.63839070027,9.0686447808027,1465.61355386485,3,19,13,18,9,100,80,70,90,76,78,90,90,85.6,Very High
11.1913112238593,5.11472465131839,1873.27556448042,3,16,13,15,9,100,80,100,90,64,78,75,90,84.7,Very High
7.90865516964147,5.83179620010348,164.956083607133,3,17,12,7,4,70,80,0,90,68,72,35,40,57.7,Moderate
12.5155728874554,5.31653585662528,1832.87460643392,3,21,11,15,6,100,80,100,90,84,66,75,60,83.6,Very High
12.9031652875589,6.97430829335758,736.105762904609,2,19,14,11,7,100,0,40,60,76,84,55,70,65.4,High
5.1316137631473,8.64550839625056,1523.27502094446,3,21,3,18,0,70,40,100,90,84,18,90,0,63.7,High
8.32012494928183,6.56939296609177,1413.13265834369,3,0,14,11,2,70,0,70,90,0,84,55,20,42.7,Moderate
0.896080573155745,6.09590079562934,202.530599447554,0,7,6,1,0,0,40,0,0,28,36,5,0,11.9,Low
0.817001927751505,6.41331784863336,232.528889571835,0,12,3,8,1,0,40,0,0,48,18,40,10,20,Low
10.2178129617852,5.73575593385198,1528.10934568351,3,19,4,18,8,100,80,100,90,76,24,90,80,84.4,Very High
4.96691187435221,9.26128857251541,217.871112469736,0,12,14,12,6,40,80,0,0,48,84,60,60,44.8,Moderate
0.184171611843875,6.28791450689987,326.879873909075,0,1,14,16,1,0,40,0,0,4,84,80,10,18.5,Low
0.193820511933198,7.10949881940745,396.06043743553,0,6,9,2,1,0,0,0,0,24,54,10,10,10,Low
5.0782697637134,8.78496761352874,995.964524278302,2,24,11,14,5,70,40,40,60,96,66,70,50,65,High
11.1349100215336,6.27273909281312,937.100875043073,3,15,2,5,9,100,40,40,90,60,12,25,90,65.6,High
10.8199943417369,8.94165444142864,1661.56690297981,1,20,0,12,1,100,40,100,30,80,0,60,10,60.5,High
9.51369353367804,9.4887783513494,226.85271150878,1,18,6,3,1,70,80,0,30,72,36,15,10,44.2,Moderate
12.9108961917446,9.45998589761052,1823.74096485869,2,21,12,16,6,100,80,100,60,84,72,80,60,81.4,Very High
14.1605029698756,8.55365852223124,1539.52028816028,2,24,14,11,9,100,40,100,60,96,84,55,90,82.4,Very High
1.28454138765726,5.48442157170008,322.001199086718,3,24,4,11,7,40,80,0,90,96,24,55,70,61.4,High
13.7869915892792,5.77614804377947,1478.28578061656,3,23,8,10,7,100,80,70,90,92,48,50,70,80.3,Very High
7.74956329843103,7.06807486983093,1984.47857705935,0,13,7,0,8,70,0,100,0,52,42,0,80,48.5,Moderate
0.882951819538969,7.51979821524023,824.802249144107,1,19,4,19,9,0,0,40,30,76,24,95,90,46.4,Moderate
0.089325428439323,6.21052517573588,444.599973930506,3,0,11,4,1,0,40,0,90,0,66,20,10,19.8,Low
10.0597617737856,9.19807821937427,1756.86649031225,3,23,9,15,9,100,80,100,90,92,54,75,90,89.1,Very High
12.6730676670596,8.56266262419397,309.925056409876,1,7,10,13,7,100,40,0,30,28,60,65,70,52.6,Moderate
10.2663986004433,9.23620531430907,1596.53380848754,3,15,13,13,8,100,80,100,90,60,78,65,80,81.4,Very High
10.1596853329124,8.89512423615063,1433.06622709694,3,22,5,3,7,100,40,70,90,88,30,15,70,71.1,High
9.26297189994049,5.34247111421471,1929.8663717673,0,12,11,3,5,70,80,100,0,48,66,15,50,53.9,Moderate
11.6871460238707,9.36833651925293,1741.71808579765,3,24,3,9,8,100,80,100,90,96,18,45,80,83.6,Very High
0.908942235287367,6.32755443206868,692.129216684348,0,4,6,12,0,0,40,40,0,16,36,60,0,19,Low
10.1970385457357,5.48843681320525,1473.20699786559,2,22,10,18,7,100,80,70,60,88,60,90,70,81.1,Very High
0.937649494997361,7.67660623925397,773.062498931869,0,6,10,11,0,0,0,40,0,24,60,55,0,17.3,Low
14.0613669751824,8.30336608971532,1158.06714209448,1,16,11,18,4,100,0,70,30,64,66,90,40,61.1,High
10.9507540804916,5.42023149429084,553.522485414504,1,14,0,12,7,100,80,40,30,56,0,60,70,62.7,High
0.667483863301166,7.9432521859673,866.403611214269,1,7,6,2,1,0,0,40,30,28,36,10,10,16.9,Low
11.1041968727743,5.45075423340068,1754.25514094378,1,23,2,17,8,100,80,100,30,92,12,85,80,80.5,Very High
12.405409680067,5.58947027475178,1393.93438620846,3,23,13,10,8,100,80,70,90,92,78,50,80,83.3,Very High
8.15473884945348,8.55586731547125,1863.25883276258,1,19,0,2,5,70,40,100,30,76,0,10,50,54.7,Moderate
11.0543048399164,9.1130380882027,1556.44587154452,3,19,11,17,5,100,80,100,90,76,66,85,50,81.5,Very High
5.68704173563054,9.26160386458427,1362.3156966456,0,2,9,8,8,70,80,70,0,8,54,40,80,49.3,Moderate
10.8689425507641,8.33178499969611,678.971275098566,1,22,14,14,5,100,0,40,30,88,84,70,50,63.3,High
3.46692432372121,6.66161637390234,777.451575743388,0,0,14,1,2,40,0,40,0,0,84,5,20,19.7,Low
12.1263166237371,5.18209311215787,1639.61052054718,3,22,11,18,7,100,80,100,90,88,66,90,70,87.4,Very High
2.49498789468801,8.2231061877315,1566.19331202243,2,17,0,6,6,40,0,100,60,68,0,30,60,49.6,Moderate
0.317198937568582,6.79332055421859,776.224045922463,2,3,2,5,3,0,0,40,60,12,12,25,30,20,Low
0.381932575624703,7.43268744218513,1863.19491104803,2,13,4,18,5,0,0,100,60,52,24,90,50,44.1,Moderate
4.5803870265558,6.31904465555459,441.814961713889,1,21,13,3,7,40,40,0,30,84,78,15,70,47.7,Moderate
11.4007509474142,8.92571125101489,691.918323568067,1,20,7,13,3,100,40,40,30,80,42,65,30,60.1,High
10.2990061709909,7.20610836969979,1115.18400311749,3,22,11,18,6,100,0,70,90,88,66,90,60,74.9,High
14.4921419681179,8.34910459212335,371.95147684154,1,19,7,17,2,100,0,0,30,76,42,85,20,51.8,Moderate
8.39837751598325,8.72328385094559,127.881379264142,2,8,4,9,7,70,40,0,60,32,24,45,70,46.6,Moderate
12.7800548998607,5.16052715319636,1716.71412408335,2,22,12,15,9,100,80,100,60,88,72,75,90,86.2,Very High
0.411481764287266,7.94902045837564,479.390562184791,2,1,9,2,2,0,0,0,60,4,54,10,20,13.5,Low
14.898961393846,9.24864020772948,1749.01610743537,3,17,9,14,8,100,80,100,90,68,54,70,80,82.3,Very High
14.7320093924295,5.10587333740445,1794.80006029129,1,22,3,19,9,100,80,100,30,88,18,95,90,82.5,Very High
14.727710660923,9.34855338736369,1650.23138972557,3,17,13,11,7,100,80,100,90,68,78,55,70,80.5,Very High
0.732451147319492,8.92112122484373,384.27355980289,2,3,14,3,1,0,40,0,60,12,84,15,10,19.6,Low
0.642719088917401,8.1023760102231,1187.2836483099,1,7,9,1,0,0,0,70,30,28,54,5,0,18.8,Low
0.809950429061087,6.70817143174228,418.743628295426,2,1,8,2,6,0,0,0,60,4,48,10,60,19.2,Low
0.341019541075334,8.58680639920928,226.446915576497,1,12,2,2,0,0,40,0,30,48,12,10,0,18.2,Low
0.290902991428212,6.59783626610481,812.895059905243,1,4,2,9,3,0,0,40,30,16,12,45,30,19.8,Low
0.642719088917401,8.1023760102231,1187.2836483099,1,7,9,1,0,0,0,70,30,28,54,5,0,18.8,Low
0.842292793133043,7.01689646863309,1019.72222388476,0,4,3,1,1,0,0,70,0,16,18,5,10,13.1,Low
0.73613230390148,7.36647463916954,1425.33136603752,0,0,3,8,5,0,0,70,0,0,18,40,50,19.4,Low
5.90150418695482,8.0204150280926,506.601704645522,0,24,9,11,4,70,0,40,0,96,54,55,40,51.4,Moderate
7.03482158705919,5.93690231891827,1965.45791468932,2,1,11,9,6,70,80,100,60,4,66,45,60,55.6,Moderate
11.8192621562375,6.84818486457002,1360.91551602184,3,7,2,13,8,100,0,70,90,28,12,65,80,60.7,High
1.80214840277194,6.55739925736781,453.558330117783,0,8,4,3,0,40,0,0,0,32,24,15,0,17.1,Low
11.7752304012663,5.85846041550572,1786.49989120629,3,24,0,19,9,100,80,100,90,96,0,95,90,89.2,Very High
12.7394051422959,5.47293874517558,1586.57538781899,3,20,6,7,8,100,80,100,90,80,36,35,80,80.3,Very High
5.98933538938486,8.17955759541687,1909.66974267723,2,17,14,11,5,70,0,100,60,68,84,55,50,60.8,High
12.1430252659874,5.19977008517066,1805.20936260527,2,24,9,14,5,100,80,100,60,96,54,70,50,80.4,Very High
12.2386515259782,5.5042340869941,1922.21415674333,3,19,11,13,8,100,80,100,90,76,66,65,80,84,Very High
12.5027824929011,8.78037139090798,1782.35145661594,1,22,10,19,9,100,40,100,30,88,60,95,90,80.6,Very High
0.211136451427865,7.39252474652668,733.627018158903,0,0,10,10,0,0,0,40,0,0,60,50,0,12,Low
5.19061475843349,5.65230335478296,1753.61352286514,3,24,3,18,7,70,80,100,90,96,18,90,70,80.6,Very High
12.2602221827707,9.13212811965427,1809.62901678287,2,18,10,19,7,100,80,100,60,72,60,95,70,81.4,Very High
13.7039786342043,9.03218592663604,1281.94786609643,3,23,7,14,6,100,80,70,90,92,42,70,60,80.5,Very High
0.581388107326619,7.44182098214565,672.885932374137,0,18,0,2,0,0,0,40,0,72,0,10,0,19.4,Low
8.22630345841388,8.35246604467155,803.877006557059,2,16,5,9,9,70,0,40,60,64,30,45,90,56.3,Moderate
11.8579036565113,6.02098494055774,687.460826828904,2,21,14,9,6,100,40,40,60,84,84,45,60,68.5,High
13.0349037300847,8.39805640237161,1964.36386869714,3,23,10,19,9,100,0,100,90,92,60,95,90,83.4,Very High
1.59487899441398,5.02383856431822,319.283832417824,2,8,9,10,6,40,80,0,60,32,54,50,60,45.1,Moderate
0.351842858072033,8.63274180554906,403.710515845026,0,3,5,3,4,0,40,0,0,12,30,15,40,15.4,Low
10.0803128715162,5.95547648062213,1960.00996582842,3,22,3,17,7,100,80,100,90,88,18,85,70,84.5,Very High
10.3824968659573,5.11288951912916,1854.21160963066,3,15,10,10,9,100,80,100,90,60,60,50,90,80.5,Very High
4.89507322840727,7.58702431380845,828.528477478199,0,0,4,8,1,40,0,40,0,0,24,40,10,18.7,Low
0.585220327341735,7.39539886602343,642.724526669707,1,3,13,7,2,0,0,40,30,12,78,35,20,19.8,Low
2.14312198285989,6.93608848878399,363.232860287658,0,2,9,2,4,40,0,0,0,8,54,10,40,19.3,Low
13.0741226538696,5.17502987256961,1629.8164723841,3,19,12,8,9,100,80,100,90,76,72,40,90,83.3,Very High
11.8579036565113,6.02098494055774,687.460826828904,2,21,14,9,6,100,40,40,60,84,84,45,60,68.5,High
8.27010873969453,5.68257138842541,634.64048146335,1,19,0,18,9,70,80,40,30,76,0,90,90,66.7,High
10.237313997318,5.69174512482855,1770.47071472048,1,22,10,16,8,100,80,100,30,88,60,80,80,81.6,Very High
12.4566274861239,6.0295980506833,1618.66592934525,2,24,6,16,9,100,40,100,60,96,36,80,90,82.5,Very High
3.97430636726364,7.21546345151487,121.914531928941,2,2,4,0,0,40,0,0,60,8,24,0,0,16.8,Low
12.5376549627437,8.58388197982333,402.242759962683,3,17,8,7,0,100,40,0,90,68,48,35,0,52.5,Moderate
0.732451147319492,8.92112122484373,384.27355980289,2,3,14,3,1,0,40,0,60,12,84,15,10,19.6,Low
11.7802969596637,5.95028045174417,1270.9919842768,3,24,14,5,8,100,80,70,90,96,84,25,80,81.9,Very High
8.02888933543108,9.01357523736184,1517.49504205683,1,23,6,15,0,70,80,100,30,92,36,75,0,62.7,High
14.7840844790981,5.74399980561588,1688.8091206627,2,17,11,17,8,100,80,100,60,68,66,85,80,81.4,Very High
5.82570601308005,8.59560541048269,1235.80440689015,3,4,7,13,9,70,40,70,90,16,42,65,90,59.3,Moderate
12.6530240224721,9.20963991672615,1500.50979429116,2,24,10,17,8,100,80,100,60,96,60,85,80,86.7,Very High
12.0475825027421,9.02209382753298,1843.73844587641,3,10,14,18,9,100,80,100,90,40,84,90,90,81.7,Very High
0.402488530682382,7.95449977268536,525.690478024743,3,2,9,5,0,0,0,40,90,8,54,25,0,19.8,Low
3.72830913229271,7.91532446946095,299.869710741787,0,2,14,5,1,40,0,0,0,8,84,25,10,17.8,Low
9.45015097929793,8.92808464731243,164.647342657325,1,20,8,18,3,70,40,0,30,80,48,90,30,52.9,Moderate
0.0762993822831575,5.77300256836525,1934.70746232662,1,19,1,6,2,0,80,100,30,76,6,30,20,42.5,Moderate
6.09745660496124,5.35299082986423,681.543801247562,0,16,11,3,3,70,80,40,0,64,66,15,30,48.1,Moderate
10.3426671658658,5.28694415585155,1826.97918362061,1,24,12,9,8,100,80,100,30,96,72,45,80,80.3,Very High
13.6112367130363,5.38443964389864,297.66472537376,1,17,6,15,6,100,80,0,30,68,36,75,60,62.9,High
0.776228149787024,6.51006370789784,927.431940772721,3,3,4,0,0,0,0,40,90,12,24,0,0,16.6,Low
10.7819127795777,5.30407195902087,1143.68700231632,3,24,12,16,9,100,80,70,90,96,72,80,90,88.3,Very High
10.2178129617852,5.73575593385198,1528.10934568351,3,19,4,18,8,100,80,100,90,76,24,90,80,84.4,Very High
7.99610637688568,7.72440340905205,1812.90547073266,2,4,5,16,3,70,0,100,60,16,30,80,30,47.2,Moderate
7.58649592303106,8.54223565310616,949.88216454317,3,22,4,3,2,70,40,40,90,88,24,15,20,54.3,Moderate
14.3647170926473,7.26217558593233,1964.78202065013,2,6,9,2,1,100,0,100,60,24,54,10,10,46,Moderate
7.33126120019425,5.2553479677589,1398.30113894387,1,23,14,16,9,70,80,70,30,92,84,80,90,76.1,High
12.179614559268,5.53957551798337,1634.0333048142,1,23,2,15,9,100,80,100,30,92,12,75,90,81,Very High
14.8728745632604,7.47939641695908,1993.09144963228,1,19,12,19,9,100,0,100,30,76,72,95,90,74.8,High
0.287695675652611,7.09480912036335,389.458418699474,2,4,5,2,1,0,0,0,60,16,30,10,10,13.2,Low
10.8057958039255,8.58050252317362,1773.47383741056,2,20,4,11,4,100,40,100,60,80,24,55,40,68.7,High
12.1071898868087,6.50918579420723,398.150200815804,3,20,4,17,9,100,0,0,90,80,24,85,90,68.2,High
9.60844172693949,6.21146905436987,1504.10834111202,2,23,10,19,0,70,40,100,60,92,60,95,0,64.9,High
4.26758432302239,7.38380353177845,1613.54211995029,0,20,8,7,2,40,0,100,0,80,48,35,20,42.9,Moderate
14.3022489474209,5.01923750545039,1390.94952328711,3,18,14,16,8,100,80,70,90,72,84,80,80,82.6,Very High
12.6665721307153,9.45563872723433,1197.72731663864,3,24,8,13,8,100,80,70,90,96,48,65,80,84.1,Very High
13.939079247747,5.33814066923851,1681.8151003642,3,22,5,12,8,100,80,100,90,88,30,60,80,84.1,Very High
2.72206639221233,5.08065741598372,1209.50644361992,0,15,11,5,3,40,80,70,0,60,66,25,30,45.3,Moderate
13.2019701889934,5.91737853062318,1647.77961314209,3,18,11,11,7,100,80,100,90,72,66,55,70,80.7,Very High
7.23386680095545,8.66200671854272,191.191530753444,3,23,9,18,3,70,40,0,90,92,54,90,30,61.6,High
2.17966089605501,6.31469301722046,489.9818886233,0,23,11,13,1,40,40,0,0,92,66,65,10,41.7,Moderate
5.49681368865244,7.81794017073566,178.173429456582,2,15,0,11,6,70,0,0,60,60,0,55,60,46.5,Moderate
11.3866502010066,6.16251470147546,1480.08057210616,3,2,11,6,1,100,40,70,90,8,66,30,10,49.4,Moderate
3.72043095714965,7.09377735990062,437.633539163511,0,22,1,15,7,40,0,0,0,88,6,75,70,43.9,Moderate
12.1188608905101,5.2595045302474,1621.82060196865,3,18,3,19,7,100,80,100,90,72,18,95,70,82.3,Very High
9.97381908208771,5.6806845093079,1719.95907592719,1,24,12,1,4,70,80,100,30,96,72,5,40,64.3,High
1.74594755258257,9.40287069015982,978.873853707052,2,22,10,18,6,40,80,40,60,88,60,90,60,64.6,High
2.58173495347089,6.60534348693596,454.819379686568,1,3,9,4,0,40,0,0,30,12,54,20,0,18.1,Low
11.2435222781561,9.17767568358559,1585.27989517379,2,23,13,10,8,100,80,100,60,92,78,50,80,83.3,Very High
9.24254441229392,5.32962855972789,1171.73639443215,3,1,10,5,1,70,80,70,90,4,60,25,10,45.8,Moderate
13.6341331031829,7.32925123845837,440.933518684223,2,13,5,15,0,100,0,0,60,52,30,75,0,45.4,Moderate
0.829721275092621,6.64113691570786,887.441142363254,0,5,5,7,1,0,0,40,0,20,30,35,10,14.5,Low
0.564640838362094,7.11337096816255,338.845854551584,2,6,6,5,3,0,0,0,60,24,36,25,30,19.6,Low
11.5016634402149,5.81207997268516,468.935651603943,3,14,7,16,5,100,80,0,90,56,42,80,50,65.8,High
12.405409680067,5.58947027475178,1393.93438620846,3,23,13,10,8,100,80,70,90,92,78,50,80,83.3,Very High
12.6791563689601,5.35101302970488,1040.61566347301,0,4,9,4,8,100,80,70,0,16,54,20,80,54.9,Moderate
5.74387495935456,8.18297991588158,735.250034827767,2,13,0,6,9,70,0,40,60,52,0,30,90,50.9,Moderate
12.8031056155012,5.2495108898774,1950.21914855079,2,23,5,16,7,100,80,100,60,92,30,80,70,82.4,Very High
9.76987779511106,5.78873548681356,279.78456186135,3,14,11,14,3,70,80,0,90,56,66,70,30,57,Moderate
6.72162592117952,5.88813880148408,1435.2658119571,3,11,1,12,5,70,80,70,90,44,6,60,50,60.6,High
1.45758619497334,9.036727981974,1740.67668445274,0,7,3,0,6,40,80,100,0,28,18,0,60,41.5,Moderate
4.77630100155919,8.30324349812818,496.694881709878,0,0,1,7,1,40,0,0,0,0,6,35,10,13.3,Low
10.3592134625009,8.52851723727024,293.293919660427,3,2,3,7,3,100,40,0,90,8,18,35,30,43.5,Moderate
12.8325210378737,5.92148823668057,1662.78467224609,0,24,14,19,9,100,80,100,0,96,84,95,90,84.4,Very High
13.8735220625629,9.17187929393281,1997.88218704716,2,22,14,9,7,100,80,100,60,88,84,45,70,80.8,Very High
11.5936084743023,5.31036428639561,1396.11953939788,3,21,12,19,7,100,80,70,90,84,72,95,70,84.4,Very High
14.3090899246857,5.7574817804624,1386.6017282425,2,13,5,16,4,100,80,70,60,52,30,80,40,66.9,High
12.9371085016272,6.57263207255387,1256.88350268868,2,19,12,11,8,100,0,70,60,76,72,55,80,69.3,High
6.73966058234689,6.71442178636095,1833.47727257439,1,22,8,4,9,70,0,100,30,88,48,20,90,62.5,High
7.3180161618679,5.38811569857046,1737.78323274359,2,6,3,12,8,70,80,100,60,24,18,60,80,61.7,High
0.0269080510843189,7.81549862811506,748.82091533346,0,7,1,1,3,0,0,40,0,28,6,5,30,14.9,Low
0.329398665434445,6.67696092234949,466.82794759167,1,9,7,3,4,0,0,0,30,36,42,15,40,19.8,Low
9.17307350964078,5.0411877092961,1626.480417201,2,15,12,6,9,70,80,100,60,60,72,30,90,70.1,High
12.878640246792,9.30054636317159,1903.8081828097,2,17,14,11,9,100,80,100,60,68,84,55,90,80.8,Very High
9.43671328914402,8.84265159756326,1422.43611219169,0,24,7,7,3,70,40,70,0,96,42,35,30,54.3,Moderate
1.74114832345644,7.3700681762159,375.028057513451,2,0,0,0,1,40,0,0,60,0,0,0,10,15.5,Low
5.70945020064242,8.86926432022986,211.663034842829,3,18,11,16,9,70,40,0,90,72,66,80,90,66.2,High
0.362270812372121,5.22044075412155,282.451337870971,0,0,0,7,1,0,80,0,0,0,0,35,10,13,Low
12.5752919636956,9.16231324599659,827.497760075033,2,22,10,18,9,100,80,40,60,88,60,90,90,81.1,Very High
0.816778982192223,7.01944134123972,290.094202913607,0,2,2,18,4,0,0,0,0,8,12,90,40,17.2,Low
11.6533512234158,9.11273302449088,1500.56150627729,3,15,11,14,8,100,80,100,90,60,66,70,80,81.3,Very High
14.2817157433184,7.61000356055324,1944.29168801593,3,22,8,16,1,100,0,100,90,88,48,80,10,68.5,High
12.6186549586163,9.37678015839198,1876.73281157826,3,14,14,12,9,100,80,100,90,56,84,60,90,81.9,Very High
13.1984231213052,6.66947711286173,935.714974538367,3,20,9,4,9,100,0,40,90,80,54,20,90,67.2,High
9.17307350964078,5.0411877092961,1626.480417201,2,15,12,6,9,70,80,100,60,60,72,30,90,70.1,High
11.030522615276,9.2755558187873,1542.63122988926,2,23,4,17,6,100,80,100,60,92,24,85,60,81.1,Very High
6.8306026738845,7.61771635059719,1813.97084999826,3,18,2,11,7,70,0,100,90,72,12,55,70,64,High
1.5080459347359,8.20665945548739,1811.26375536167,0,0,6,0,0,40,0,100,0,0,36,0,0,19.8,Low
13.1481704608072,9.16657286080616,1661.5841016494,3,23,6,14,9,100,80,100,90,92,36,70,90,87.7,Very High
12.3784818450138,8.21400103403221,1846.27004390255,3,18,8,19,5,100,0,100,90,72,48,95,50,72.8,High
0.992878988848998,6.51136026372091,314.029899306692,0,0,3,3,3,0,0,0,0,0,18,15,30,6.9,Low
14.1297136001555,7.45547947455984,1806.74769633067,3,22,14,19,8,100,0,100,90,88,84,95,80,82.3,Very High
6.25885897382121,8.79391615112445,629.563191191301,1,20,4,14,5,70,40,40,30,80,24,70,50,56.7,Moderate
0.713987931476874,7.36403079098183,591.315095214033,0,8,6,8,2,0,0,40,0,32,36,40,20,19.2,Low
14.9318137342369,9.16732908293369,1878.80386027972,3,24,11,19,4,100,80,100,90,96,66,95,40,85,Very High
7.69374221186236,8.09442414780004,1575.92250891488,3,21,6,19,1,70,0,100,90,84,36,95,10,62.6,High
0.182776237893018,7.07924584118493,878.850540825107,0,0,0,9,3,0,0,40,0,0,0,45,30,13,Low
0.624198615337863,7.23497496181,1482.55578026384,0,4,2,3,5,0,0,70,0,16,12,15,50,19.8,Low
12.1587135764435,6.12158329913353,1629.50011399049,3,24,14,12,6,100,40,100,90,96,84,60,60,81.4,Very High
12.249003080961,5.74214043495591,1970.1275676363,3,20,14,15,4,100,80,100,90,80,84,75,40,80.7,Very High
14.9618525912589,9.28512633459354,1479.44027922032,3,19,8,19,7,100,80,70,90,76,48,95,70,81.6,Very High
6.93452589892245,7.63204902898382,1107.22561696002,0,13,4,10,2,70,0,70,0,52,24,50,20,40.6,Moderate
14.331437071477,6.59996964560814,1387.92280562411,3,17,1,4,8,100,0,70,90,68,6,20,80,63.9,High
0.186151045801644,7.82386404289668,328.358951065343,3,10,8,1,0,0,0,0,90,40,48,5,0,19.9,Low
5.60240598701776,8.24609852544768,265.589774762319,1,21,9,3,6,70,0,0,30,84,54,15,60,47,Moderate
11.3307839653653,9.06695777268255,1604.72297129014,2,24,5,7,8,100,80,100,60,96,30,35,80,80.2,Very High
0.592610511052795,7.27240915011362,319.43355348868,0,1,10,7,7,0,0,0,0,4,60,35,70,17.8,Low
7.98892689255972,5.38420085799771,1833.02270408752,3,23,5,12,9,70,80,100,90,92,30,60,90,80.4,Very High
2.0738333435057,6.91105567522144,971.406141564372,2,18,9,4,5,40,0,40,60,72,54,20,50,44.6,Moderate
6.49882288263796,7.64078602381935,1615.23933363344,2,11,7,16,0,70,0,100,60,44,42,80,0,48.9,Moderate
11.2245537890176,9.48114421150135,1670.94812369652,2,5,13,7,5,100,80,100,60,20,78,35,50,62.9,High
0.279993506143845,5.36153136450636,270.077851585302,0,3,1,17,0,0,80,0,0,12,6,85,0,19.2,Low
0.618900926069829,7.55867228839966,1694.03829087494,3,18,2,7,7,0,0,100,90,72,12,35,70,48,Moderate
11.9356576684286,5.12616215417855,1451.79452329123,1,21,13,3,4,100,80,70,30,84,78,15,40,66.2,High
9.98166156252815,6.36331714055885,1575.37492031612,3,22,1,0,8,70,40,100,90,88,6,0,80,66.9,High
2.0738333435057,6.91105567522144,971.406141564372,2,18,9,4,5,40,0,40,60,72,54,20,50,44.6,Moderate
11.3077494749691,9.42002167719737,1642.52240904619,3,22,8,2,9,100,80,100,90,88,48,10,90,81.5,Very High
11.5040388359871,9.09703929924724,684.40694148953,3,17,9,6,8,100,80,40,90,68,54,30,80,72.3,High
14.6310800674774,9.01375326778214,358.137838107305,0,2,12,12,9,100,80,0,0,8,72,60,90,52.7,Moderate
3.76656305953598,7.08367428354838,996.632779746571,0,2,1,0,4,40,0,40,0,8,6,0,40,19.9,Low
14.1851796711293,9.19300290372929,638.355558180938,2,22,5,19,9,100,80,40,60,88,30,95,90,80.1,Very High
11.04931317778,8.05729527446378,1757.82507128371,0,4,8,1,6,100,0,100,0,16,48,5,60,45.1,Moderate
14.904640397059,9.10861481318029,1653.69074187932,3,21,11,13,5,100,80,100,90,84,66,65,50,81.1,Very High
1.27521435756551,7.28009249313383,171.076520780278,0,7,13,1,1,40,0,0,0,28,78,5,10,19.5,Low
11.04931317778,8.05729527446378,1757.82507128371,0,4,8,1,6,100,0,100,0,16,48,5,60,45.1,Moderate
0.319268025087882,6.52089758098186,679.299135643607,2,3,7,7,0,0,0,40,60,12,42,35,0,18,Low
10.2947815887012,9.07919966531427,1008.41174061419,3,24,0,15,7,100,80,70,90,96,0,75,70,81.2,Very High
5.90150418695482,8.0204150280926,506.601704645522,0,24,9,11,4,70,0,40,0,96,54,55,40,51.4,Moderate
12.4178286784476,8.04867637487136,347.820450244481,3,13,12,8,1,100,0,0,90,52,72,40,10,48.5,Moderate
11.4026727668029,8.57585649690569,1502.03458902983,3,20,6,5,3,100,40,100,90,80,36,25,30,67.8,High
9.26219520802999,6.03325267290384,1381.21834260677,3,21,14,19,6,70,40,70,90,84,84,95,60,73.5,High
8.51448108498961,7.45906780365457,1525.28064253781,3,0,11,4,6,70,0,100,90,0,66,20,60,47.3,Moderate
0.817001927751505,6.41331784863336,232.528889571835,0,12,3,8,1,0,40,0,0,48,18,40,10,20,Low
13.7995728548983,5.22100609121411,1590.22373135457,3,20,14,5,9,100,80,100,90,80,84,25,90,83.2,Very High
14.9898856988002,5.63821214407478,1793.40611869019,3,12,0,7,2,100,80,100,90,48,0,35,20,63.1,High
0.829721275092621,6.64113691570786,887.441142363254,0,5,5,7,1,0,0,40,0,20,30,35,10,14.5,Low
3.29729707246058,8.04612012003156,850.248179499283,0,2,6,0,1,40,0,40,0,8,36,0,10,16.9,Low
0.0245626083513139,7.89982297379144,1394.96510025605,0,3,2,11,0,0,0,70,0,12,12,55,0,15.5,Low
13.5738345895714,9.43097043689057,1976.16235776588,3,23,7,16,6,100,80,100,90,92,42,80,60,84.5,Very High
9.83559783345266,8.33552292129229,1757.88368279605,2,5,14,0,8,70,0,100,60,20,84,0,80,50.2,Moderate
14.9339508272864,8.93170163615717,571.4567823118,3,7,14,15,9,100,40,40,90,28,84,75,90,67.8,High
13.8383727084284,7.71089576903099,849.457644772615,3,1,8,14,2,100,0,40,90,4,48,70,20,46.2,Moderate
12.0225107438561,5.89622489533203,1219.05329997135,3,24,9,9,7,100,80,70,90,96,54,45,70,80.9,Very High
14.2711814513768,8.79816298156279,1823.45568062355,2,18,6,4,4,100,40,100,60,72,36,20,40,64.2,High
14.3667553667446,6.42366081315388,1728.03589674396,3,9,10,17,2,100,40,100,90,36,60,85,20,64.7,High
11.4280415752822,6.57800403164817,274.788295765586,1,9,2,6,5,100,0,0,30,36,12,30,50,41.3,Moderate
0.0176972728326957,8.89624473119631,295.018869345887,0,4,1,4,5,0,40,0,0,16,6,20,50,17,Low
8.86552686936122,9.20527950821784,1227.36723650775,0,14,12,11,9,70,80,70,0,56,72,55,90,62.8,High
10.1970385457357,5.48843681320525,1473.20699786559,2,22,10,18,7,100,80,70,60,88,60,90,70,81.1,Very High
11.301713087631,9.17086670886534,1757.01742993203,3,22,14,14,5,100,80,100,90,88,84,70,50,83.3,Very High
10.2031915174703,5.91985371102974,1831.5130269558,2,24,10,15,6,100,80,100,60,96,60,75,60,82.7,Very High
1.0108655257574,5.54828831906896,910.293548938334,0,21,0,2,5,40,80,40,0,84,0,10,50,45.3,Moderate
0.897500831436383,8.36561632815747,700.366405510019,0,1,8,17,2,0,0,40,0,4,48,85,20,18.7,Low
1.17443385032733,6.30771384010229,1629.95929157139,3,24,9,15,6,40,40,100,90,96,54,75,60,69.4,High
0.447061625385848,8.86427736407794,938.206020713977,0,1,14,3,2,0,40,40,0,4,84,15,20,17.5,Low
2.57071066620156,6.51462874640601,1912.4040500526,3,17,6,11,6,40,0,100,90,68,36,55,60,56.9,Moderate
5.79863340596808,5.6146871250812,1776.38294869485,3,22,13,1,4,70,80,100,90,88,78,5,40,69,High
10.1400208218248,5.30132135553922,1225.49001594279,2,22,7,18,8,100,80,70,60,88,42,90,80,81.7,Very High
2.33205885333181,8.52808643043101,1327.90126213352,3,16,9,19,5,40,40,70,90,64,54,95,50,60.5,High
8.98874631684439,7.8218289432779,619.290184530816,0,12,3,12,4,70,0,40,0,48,18,60,40,40.5,Moderate
12.723056307957,8.02159797073403,1334.4161660121,2,7,13,11,3,100,0,70,60,28,78,55,30,52.5,Moderate
0.403950429839814,7.82038616089312,360.197033900493,1,6,1,7,4,0,0,0,30,24,6,35,40,17.6,Low
1.55211901556623,8.65787625826233,988.454584076722,1,0,0,1,0,40,40,40,30,0,0,5,0,19.5,Low
14.7756326332499,9.40076901107918,1195.84984807636,2,21,1,17,9,100,80,70,60,84,6,85,90,80.1,Very High
14.6743017175646,5.86594684370532,146.41903005468,0,19,0,11,2,100,80,0,0,76,0,55,20,51.7,Moderate
6.32663659579989,7.75461927850071,1583.84006862517,2,10,6,18,8,70,0,100,60,40,36,90,80,60.8,High
14.2038059810598,5.02124422558954,1569.91299287633,3,21,2,14,0,100,80,100,90,84,12,70,0,71.4,High
0.0131359961625532,6.77132486852843,537.151496765777,1,5,3,10,0,0,0,40,30,20,18,50,0,16.9,Low
11.2117469233368,9.40380351427297,1222.94651826362,2,15,12,10,1,100,80,70,60,60,72,50,10,63.1,High
11.8295757842066,9.31390643538056,1771.52932490525,3,22,11,19,7,100,80,100,90,88,66,95,70,87.9,Very High
13.3046213604103,9.03288104214154,105.27255885484,3,23,12,16,6,100,80,0,90,92,72,80,60,76,High
11.3646731873491,7.16972964587663,901.184575434599,3,23,7,0,5,100,0,40,90,92,42,0,50,61,High
12.4518365272163,5.82464810156163,1514.27050418002,2,22,11,17,5,100,80,100,60,88,66,85,50,80.9,Very High
5.20364013534115,8.65657913056538,1951.42974997194,1,11,7,5,6,70,40,100,30,44,42,25,60,53.4,Moderate
11.4856609725771,5.29927427040182,1981.57817556315,3,19,7,13,8,100,80,100,90,76,42,65,80,82.8,Very High
13.8735220625629,9.17187929393281,1997.88218704716,2,22,14,9,7,100,80,100,60,88,84,45,70,80.8,Very High
1.85972281392091,6.56148920750759,281.884155169762,0,6,4,7,0,40,0,0,0,24,24,35,0,17.5,Low
3.66532133903815,5.31664289900412,1094.4886587829,3,15,8,13,2,40,80,70,90,60,48,65,20,55.9,Moderate
13.083259401162,6.47842740597805,971.901896695277,3,22,14,17,9,100,40,40,90,88,84,85,90,80.8,Very High
4.00284692819446,5.67278949955665,1294.76817658431,1,22,1,5,9,40,80,70,30,88,6,25,90,59.9,Moderate
11.5954143051841,9.43290056506365,522.562979700538,3,18,14,18,9,100,80,40,90,72,84,90,90,82.1,Very High
12.5376549627437,8.58388197982333,402.242759962683,3,17,8,7,0,100,40,0,90,68,48,35,0,52.5,Moderate
4.56768490096073,7.12417367878859,874.034470540814,0,1,8,1,2,40,0,40,0,4,48,5,20,18.7,Low
8.15473884945348,8.55586731547125,1863.25883276258,1,19,0,2,5,70,40,100,30,76,0,10,50,54.7,Moderate
4.693653539849,5.72854212428249,1320.9397627281,1,22,7,16,5,40,80,70,30,88,42,80,50,61.2,High
5.74417901197328,5.24589313262609,554.303957027525,2,24,13,14,0,70,80,40,60,96,78,70,0,62.1,High
0.813374805316965,7.55282594928751,1453.42014089815,1,2,3,10,0,0,0,70,30,8,18,50,0,17.5,Low
12.1217929997357,6.49100650820565,1959.0547962837,0,13,14,7,6,100,40,100,0,52,84,35,60,61.1,High
13.2627150453561,9.04107545326568,1158.59477798528,2,0,10,14,9,100,80,70,60,0,60,70,90,64.5,High
4.85747255030766,8.02699898524524,917.043548558816,0,1,11,5,0,40,0,40,0,4,66,25,0,18.6,Low
2.62040663078208,6.29906429125352,183.424272212862,0,7,2,2,0,40,40,0,0,28,12,10,0,19.2,Low
14.9847989231007,9.05866199622744,1790.09111246525,2,21,5,14,8,100,80,100,60,84,30,70,80,81.3,Very High
0.503698561252969,7.01169192006806,1492.0057490255,1,1,6,12,0,0,0,70,30,4,36,60,0,18.6,Low
10.6398376342634,9.1944329558944,521.757451563055,2,10,4,14,4,100,80,40,60,40,24,70,40,60.2,High
2.72206639221233,5.08065741598372,1209.50644361992,0,15,11,5,3,40,80,70,0,60,66,25,30,45.3,Moderate
1.74114832345644,7.3700681762159,375.028057513451,2,0,0,0,1,40,0,0,60,0,0,0,10,15.5,Low
9.52111357159789,7.0890973602592,698.459593247693,1,7,13,12,9,70,0,40,30,28,78,60,90,50,Moderate
0.63425753859696,8.10942641411901,112.947995129622,0,1,12,0,8,0,0,0,0,4,72,0,80,16.4,Low
0.403950429839814,7.82038616089312,360.197033900493,1,6,1,7,4,0,0,0,30,24,6,35,40,17.6,Low
5.82570601308005,8.59560541048269,1235.80440689015,3,4,7,13,9,70,40,70,90,16,42,65,90,59.3,Moderate
13.129004733533,9.46296246922258,1417.35956662525,3,22,14,19,7,100,80,70,90,88,84,95,70,85.8,Very High
0.94312161361802,8.68742174780929,495.233695660653,1,2,9,7,2,0,40,0,30,8,54,35,20,17.8,Low
11.6533512234158,9.11273302449088,1500.56150627729,3,15,11,14,8,100,80,100,90,60,66,70,80,81.3,Very High
8.51448108498961,7.45906780365457,1525.28064253781,3,0,11,4,6,70,0,100,90,0,66,20,60,47.3,Moderate
10.745894414204,5.84654807208112,1829.76511262083,3,24,8,14,3,100,80,100,90,96,48,70,30,80.1,Very High
11.811724862713,5.85278456867827,1868.57936279481,3,19,14,16,6,100,80,100,90,76,84,80,60,83.4,Very High
7.21239014393996,5.39988034232148,1303.03427194542,1,19,12,7,0,70,80,70,30,76,72,35,0,54.3,Moderate
7.31699446784175,9.15684574930271,1745.91868523979,3,21,8,17,9,70,80,100,90,84,48,85,90,82.2,Very High
6.47380784498599,8.47835090425762,706.507267573183,2,10,2,5,6,70,0,40,60,40,12,25,60,44.1,Moderate
10.151666060683,5.39673518065852,588.285737578702,1,11,13,2,3,100,80,40,30,44,78,10,30,53.2,Moderate
10.1846973229675,9.24241208820676,1153.18129572315,1,23,14,15,8,100,80,70,30,92,84,75,80,80.1,Very High
14.3514989848901,8.74739506634339,1349.37442273761,3,21,6,18,4,100,40,70,90,84,36,90,40,73.6,High
10.5064122568833,5.98415708678659,1934.53103714331,3,23,8,15,7,100,80,100,90,92,48,75,70,85.8,Very High
11.9356576684286,5.12616215417855,1451.79452329123,1,21,13,3,4,100,80,70,30,84,78,15,40,66.2,High
11.6392663543329,5.60965598766088,1983.18916130437,1,24,14,16,7,100,80,100,30,96,84,80,70,82.9,Very High
14.0129218564978,6.13478887481846,1615.81036218489,3,17,13,16,9,100,40,100,90,68,78,80,90,82,Very High
13.8244862279621,5.48485014143697,1424.82590683703,1,23,6,18,9,100,80,70,30,92,36,90,90,80.7,Very High
0.248981367672683,7.18046038857858,203.62938479591,1,3,12,7,2,0,0,0,30,12,72,35,20,15.5,Low
1.72196366917092,8.30685450321995,103.388485084677,1,3,7,3,0,40,0,0,30,12,42,15,0,17,Low
11.9068250912056,5.98146756545203,1972.59874902709,3,22,13,16,6,100,80,100,90,88,78,80,60,85.5,Very High
12.497241701399,9.34683464978752,898.601494067072,3,24,12,13,8,100,80,40,90,96,72,65,80,82.3,Very High
10.5136086273399,5.35553203599483,1842.68370846096,1,20,10,17,8,100,80,100,30,80,60,85,80,80.5,Very High
10.1657994946745,5.22255667654495,592.37431070988,2,24,10,16,9,100,80,40,60,96,60,80,90,81.7,Very High
3.13219081168086,7.8835624749507,859.20185238406,0,1,0,1,0,40,0,40,0,4,0,5,0,13.3,Low
13.8735220625629,9.17187929393281,1997.88218704716,2,22,14,9,7,100,80,100,60,88,84,45,70,80.8,Very High
2.72578984825988,7.75571144635881,230.959930383498,0,1,3,17,1,40,0,0,0,4,18,85,10,19.7,Low
10.4346258604978,9.24699224542125,1565.46738118322,3,13,10,17,8,100,80,100,90,52,60,85,80,80.9,Very High
0.189096571292549,8.25230355925797,137.460124763394,1,14,1,1,3,0,0,0,30,56,6,5,30,19.5,Low
12.5077551121782,5.13081358756734,1435.00592865109,3,21,14,19,9,100,80,70,90,84,84,95,90,88,Very High
7.40979029149917,5.85904685170319,1626.53103125363,2,19,1,19,1,70,80,100,60,76,6,95,10,64.5,High
11.5815424822902,7.17604988933073,1477.47973897832,3,20,8,16,5,100,0,70,90,80,48,80,50,69.9,High
0.77486710370622,8.31168753997205,621.146405709772,1,3,2,9,1,0,0,40,30,12,12,45,10,16,Low
7.17612953462075,7.72215446098917,1540.15283205334,2,9,13,1,6,70,0,100,60,36,78,5,60,50.6,Moderate
14.727710660923,9.34855338736369,1650.23138972557,3,17,13,11,7,100,80,100,90,68,78,55,70,80.5,Very High
12.5007740267307,8.89706685480665,1048.42245640036,2,11,8,18,7,100,40,70,60,44,48,90,70,67.7,High
12.767711935123,9.31201506451365,1911.23706752058,2,15,14,16,8,100,80,100,60,60,84,80,80,80.2,Very High
3.31613307816977,5.1031991552278,1252.85528826444,1,23,1,16,9,40,80,70,30,92,6,80,90,66.2,High
10.4491319319705,5.48047401110321,1644.10079754708,3,20,12,18,4,100,80,100,90,80,72,90,40,81.6,Very High
12.0368221749827,9.4153916344632,1921.0299953116,3,14,10,17,9,100,80,100,90,56,60,85,90,83.2,Very High
13.8156251550288,5.66954085832945,1607.95141466773,3,22,4,8,8,100,80,100,90,88,24,40,80,81.8,Very High
13.5381094293168,9.04263074729552,1900.88536050962,3,19,7,15,6,100,80,100,90,76,42,75,60,80.8,Very High
6.32663659579989,7.75461927850071,1583.84006862517,2,10,6,18,8,70,0,100,60,40,36,90,80,60.8,High
10.5362614264561,5.27958203460254,1845.32795035533,3,16,13,15,9,100,80,100,90,64,78,75,90,84.7,Very High
4.44846970359851,6.76295460870309,361.645832124885,1,1,2,10,0,40,0,0,30,4,12,50,0,17.4,Low
4.44846970359851,6.76295460870309,361.645832124885,1,1,2,10,0,40,0,0,30,4,12,50,0,17.4,Low
4.98796363270344,5.04351082466308,508.630685317318,2,16,12,15,8,40,80,40,60,64,72,75,80,61.9,High
0.184516032943661,6.77518446518187,1758.66365007362,2,7,10,4,9,0,0,100,60,28,60,20,90,40.1,Moderate
13.4265520409497,5.27158909005621,1907.08348206288,2,23,12,18,9,100,80,100,60,92,72,90,90,88.5,Very High
10.5924306677417,9.41466324675749,1929.88642293633,3,14,3,19,8,100,80,100,90,56,18,95,80,80.6,Very High
2.98008919039461,7.27771495840586,196.412818031343,0,11,0,5,0,40,0,0,0,44,0,25,0,19.3,Low
0.962511773743794,7.48723334181648,849.235866806412,0,6,9,1,2,0,0,40,0,24,54,5,20,15,Low
10.2241563238891,9.06782073730303,525.579234033877,3,24,4,12,8,100,80,40,90,96,24,60,80,79.4,High
14.0572518862224,8.02841172279475,765.892555747646,3,18,12,10,9,100,0,40,90,72,72,50,90,69.5,High
5.39947300916303,5.96843045761193,871.049941482895,2,14,1,17,8,70,80,40,60,56,6,85,80,64,High
13.6700131084011,5.41003736987952,1703.69469410852,3,20,4,19,9,100,80,100,90,80,24,95,90,87.2,Very High
14.2601569216547,6.40656933723582,1355.94549600308,3,24,9,10,5,100,40,70,90,96,54,50,50,74.4,High
11.3514019545301,8.20888939609507,1856.65754323221,0,17,13,6,8,100,0,100,0,68,78,30,80,62.5,High
14.1229617769131,7.11419438821313,1680.48503997586,1,15,14,18,6,100,0,100,30,60,84,90,60,67.2,High
12.134723331463,9.43450766151357,1841.75359246727,3,19,14,19,4,100,80,100,90,76,84,95,40,81.9,Very High
10.6398376342634,9.1944329558944,521.757451563055,2,10,4,14,4,100,80,40,60,40,24,70,40,60.2,High
12.3924729602338,8.8620699058185,387.05179258681,1,7,10,8,6,100,40,0,30,28,60,40,60,48.6,Moderate
14.8957262302692,7.39433390264122,1959.52856245147,2,9,3,11,6,100,0,100,60,36,18,55,60,58.6,Moderate
3.08292885288966,5.07350857606204,905.979624831237,2,10,12,13,8,40,80,40,60,40,72,65,80,56.1,Moderate
4.24304020356075,5.78860668970771,1067.985219987,3,7,4,4,6,40,80,70,90,28,24,20,60,49.8,Moderate
7.22961494850931,5.2681551496985,101.362857129162,0,21,11,16,7,70,80,0,0,84,66,80,70,60.6,High
9.60072164438703,8.94223602398322,1360.2858641296,3,12,7,17,9,70,40,70,90,48,42,85,90,67.7,High
12.274857194772,5.25734866040809,589.571148794782,0,14,10,0,8,100,80,40,0,56,60,0,80,58.2,Moderate
0.284123655297385,6.49734163790525,715.117309205954,3,9,13,7,9,0,40,40,90,36,78,35,90,45.1,Moderate
0.728924885568906,6.68205707373397,485.467272998769,0,15,2,3,0,0,0,0,0,60,12,15,0,14.1,Low
7.87935721903997,9.40827395921837,1948.16797251244,1,21,6,9,8,70,80,100,30,84,36,45,80,70.1,High
10.0617224993912,8.49032126123439,1819.79763791682,2,1,14,2,8,100,0,100,60,4,84,10,80,54,Moderate
6.21242492145545,8.32599082577892,1808.23399068407,3,17,9,16,5,70,0,100,90,68,54,80,50,64.8,High
12.1263166237371,5.18209311215787,1639.61052054718,3,22,11,18,7,100,80,100,90,88,66,90,70,87.4,Very High
13.9838312090734,5.11576706018353,1966.11470221534,3,18,10,16,7,100,80,100,90,72,60,80,70,82.9,Very High
12.5054608040928,5.72207962793706,1773.4588515863,0,14,1,12,5,100,80,100,0,56,6,60,50,63,High
13.4298663526944,5.12785045307095,1215.02413288012,2,17,3,16,0,100,80,70,60,68,18,80,0,63.5,High
0.692499818320081,5.49137315311119,341.096216122073,3,23,1,7,1,0,80,0,90,92,6,35,10,40.7,Moderate
0.813745418822247,6.44396408895958,1338.34741914456,0,4,2,7,1,0,40,70,0,16,12,35,10,19.8,Low
10.9990518013246,5.73895938515735,1296.75576972988,3,20,0,14,9,100,80,70,90,80,0,70,90,80.5,Very High
9.26219520802999,6.03325267290384,1381.21834260677,3,21,14,19,6,70,40,70,90,84,84,95,60,73.5,High
0.855004090390822,7.48622966098437,446.509422419653,2,3,2,0,1,0,0,0,60,12,12,0,10,10.5,Low
14.5939415668285,5.25616199761294,1555.73431024571,2,22,10,18,9,100,80,100,60,88,60,90,90,87.1,Very High
12.7367346806715,5.72516549491906,1523.99133387442,2,24,12,3,9,100,80,100,60,96,72,15,90,81.8,Very High
0.421521811928094,6.07253674862683,168.842682036731,0,2,6,13,3,0,40,0,0,8,36,65,30,18.4,Low
5.19061475843349,5.65230335478296,1753.61352286514,3,24,3,18,7,70,80,100,90,96,18,90,70,80.6,Very High
2.38210739976381,7.47764116015035,362.049272087292,3,20,13,11,8,40,0,0,90,80,78,55,80,54.4,Moderate
10.7870885021821,8.6775967222691,1953.66618798589,3,22,11,11,9,100,40,100,90,88,66,55,90,82.9,Very High
2.90219571435575,6.85570650834892,1367.21376370989,3,23,12,4,7,40,0,70,90,92,72,20,70,58.5,Moderate
13.6953177384033,5.30199316676752,1544.96417636862,3,17,14,16,6,100,80,100,90,68,84,80,60,81.8,Very High
0.184851396250382,9.0641477272858,298.268183130827,2,4,2,2,0,0,80,0,60,16,12,10,0,18.8,Low
9.35711580422842,5.26309306225963,344.698803006089,2,12,13,18,5,70,80,0,60,48,78,90,50,58,Moderate
12.7878593162614,5.54683554253266,1784.31288377818,2,18,5,19,9,100,80,100,60,72,30,95,90,82.9,Very High
14.9634667778739,5.14283768276678,1372.83938637269,2,22,8,18,7,100,80,70,60,88,48,90,70,80.5,Very High
0.689553822229817,6.66815535127577,424.394502344509,2,2,0,8,3,0,0,0,60,8,0,40,30,16.1,Low
0.693317669863933,6.91243585478071,1061.65418939865,2,0,5,5,2,0,0,70,60,0,30,25,20,20,Low
10.4298391687993,9.1897187307435,1935.08209988361,1,23,13,11,8,100,80,100,30,92,78,55,80,80.8,Very High
14.2717987649537,8.69625570155784,1504.54809784982,1,24,12,15,9,100,40,100,30,96,72,75,90,80.8,Very High
13.9052752455403,5.01777176946518,1044.59889442202,2,10,7,10,4,100,80,70,60,40,42,50,40,62.1,High
14.1242969695608,6.36441392891291,1067.24241902269,3,3,3,4,2,100,40,70,90,12,18,20,20,48.3,Moderate
10.0589289272833,9.06039773319291,1063.63750624689,3,19,8,16,7,100,80,70,90,76,48,80,70,80.1,Very High
10.5326269433119,5.64813734763494,882.197770283222,2,23,11,19,9,100,80,40,60,92,66,95,90,82.7,Very High
6.60868545953587,5.78395459079063,669.240616476389,3,11,11,19,6,70,80,40,90,44,66,95,60,65.6,High
11.9946433739269,7.60024848353497,1808.59583795555,2,18,9,5,4,100,0,100,60,72,54,25,40,61.6,High
13.31663580379,7.60445157551416,1661.63968041224,3,22,8,16,9,100,0,100,90,88,48,80,90,80.5,Very High
9.08369263675365,8.71400138322298,842.255928414545,3,6,0,18,8,70,40,40,90,24,0,90,80,56.8,Moderate
10.5326269433119,5.64813734763494,882.197770283222,2,23,11,19,9,100,80,40,60,92,66,95,90,82.7,Very High
0.239134185316247,6.01530018466517,215.065370674543,0,8,5,3,2,0,40,0,0,32,30,15,20,16.4,Low
14.5593724501966,6.05498652080898,1847.17252401345,3,10,2,13,7,100,40,100,90,40,12,65,70,68.6,High
11.1349100215336,6.27273909281312,937.100875043073,3,15,2,5,9,100,40,40,90,60,12,25,90,65.6,High
11.9379018738864,5.35529779218595,807.985436701131,3,23,0,16,9,100,80,40,90,92,0,80,90,80.9,Very High
11.7691362436417,8.14413352611469,950.93731429193,1,5,7,16,4,100,0,40,30,20,42,80,40,47.1,Moderate
0.0245626083513139,7.89982297379144,1394.96510025605,0,3,2,11,0,0,0,70,0,12,12,55,0,15.5,Low
13.5104880196671,5.97134508546573,1120.02932346094,2,19,11,18,9,100,80,70,60,76,66,90,90,82,Very High
2.86703304274752,7.93711526320931,773.780477111068,0,0,11,3,0,40,0,40,0,0,66,15,0,16.8,Low
12.5077551121782,5.13081358756734,1435.00592865109,3,21,14,19,9,100,80,70,90,84,84,95,90,88,Very High
10.3430049897758,6.42879376632344,1152.40993919749,2,22,13,15,1,100,40,70,60,88,78,75,10,67.5,High
2.78175247471706,5.11334233499966,716.471909130557,3,24,9,4,2,40,80,40,90,96,54,20,20,55.9,Moderate
13.2389489503439,7.29166930889962,588.555769894007,2,23,10,1,6,100,0,40,60,92,60,5,60,60.9,High
3.33326589049221,7.76966829525954,570.839919182791,0,2,2,6,0,40,0,40,0,8,12,30,0,17.2,Low
3.61167149265778,7.51490056375887,477.950857224847,2,0,8,0,0,40,0,0,60,0,48,0,0,16.4,Low
7.82298819912519,6.55067555767817,1561.26159537801,3,15,4,1,9,70,0,100,90,60,24,5,90,60.2,High
4.51961413082698,7.39031663157992,279.355798416399,0,2,12,10,1,40,0,0,0,8,72,50,10,19.7,Low
11.9545498735401,7.74312155225884,1991.85303706202,0,8,9,12,2,100,0,100,0,32,54,60,20,48.1,Moderate
7.88557597138694,5.49259438924319,1584.73777464021,2,14,12,5,8,70,80,100,60,56,72,25,80,67.3,High
3.09903671132702,6.93622828956384,494.572937177012,0,8,2,9,0,40,0,0,0,32,12,45,0,19.5,Low
13.7535376537328,5.27359519761348,836.150663605807,0,6,8,4,4,100,80,40,0,24,48,20,40,47.2,Moderate
0.337066853933755,8.47466752572339,500.712837432074,0,13,9,1,1,0,0,40,0,52,54,5,10,19.1,Low
12.105184671655,6.13935166034962,1027.18220866412,3,24,8,19,7,100,40,70,90,96,48,95,70,81.6,Very High
14.5447275492404,5.36451492684866,1589.58684924474,3,20,12,18,9,100,80,100,90,80,72,90,90,89.1,Very High
4.43474779960392,8.49492030980209,532.958600656244,0,0,5,4,1,40,0,40,0,0,30,20,10,17,Low
11.2435222781561,9.17767568358559,1585.27989517379,2,23,13,10,8,100,80,100,60,92,78,50,80,83.3,Very High
11.1338830022266,7.0968947420052,1941.10229784529,3,7,7,5,8,100,0,100,90,28,42,25,80,61.2,High
5.49988755255797,8.50316687055813,227.048189774735,2,21,14,4,3,70,40,0,60,84,84,20,30,51.5,Moderate
4.94065273046064,6.76565210157416,602.826006500678,0,2,1,6,1,40,0,40,0,8,6,30,10,18.4,Low
13.2572294990341,5.1679437687622,554.061130759517,3,5,10,15,6,100,80,40,90,20,60,75,60,64.5,High
13.7995728548983,5.22100609121411,1590.22373135457,3,20,14,5,9,100,80,100,90,80,84,25,90,83.2,Very High
0.701781423736029,6.63252769085399,521.477386803817,2,1,1,5,4,0,0,40,60,4,6,25,40,19.6,Low
12.9533934066174,8.90760651205419,1690.67029422621,0,4,14,6,7,100,40,100,0,16,84,30,70,54.9,Moderate
0.0269080510843189,7.81549862811506,748.82091533346,0,7,1,1,3,0,0,40,0,28,6,5,30,14.9,Low
13.9409191963478,5.27330144423747,1855.22310042605,3,24,3,2,9,100,80,100,90,96,18,10,90,81.6,Very High
13.7535376537328,5.27359519761348,836.150663605807,0,6,8,4,4,100,80,40,0,24,48,20,40,47.2,Moderate
10.2206586961194,6.60926127463822,1979.55026112193,2,6,4,10,8,100,0,100,60,24,24,50,80,59,Moderate
11.4596804219182,5.00704522866104,1456.43132707638,0,12,9,10,8,100,80,70,0,48,54,50,80,64.3,High
13.7946842729827,7.0937210452709,1612.3597952874,3,23,0,8,9,100,0,100,90,92,0,40,90,74.9,High
0.184851396250382,9.0641477272858,298.268183130827,2,4,2,2,0,0,80,0,60,16,12,10,0,18.8,Low
14.2332268922519,9.33346588077025,1003.16923583357,3,24,2,13,9,100,80,70,90,96,12,65,90,83.8,Very High
6.87376912901205,8.95205910505395,1385.7360976629,3,24,14,19,9,70,40,70,90,96,84,95,90,80.4,Very High
14.4032744650432,8.93815451453274,218.27167677587,2,24,3,8,9,100,40,0,60,96,18,40,90,67.6,High
0.789671453185757,7.46098936561963,778.527982785882,0,9,8,0,0,0,0,40,0,36,48,0,0,13.6,Low
6.96297845740301,9.32569148544831,1643.06151652086,3,23,12,7,4,70,80,100,90,92,72,35,40,72.5,High
11.1583227452503,5.65273326930163,1682.13139240359,3,20,9,13,7,100,80,100,90,80,54,65,70,82.7,Very High
0.17848045220172,7.13900022572656,358.850917518747,1,11,9,7,1,0,0,0,30,44,54,35,10,19.5,Low
12.9674689541145,7.33253623861795,1028.46824281544,3,23,5,13,1,100,0,70,90,92,30,65,10,63.9,High
8.73036021518111,7.64660939123255,381.259683253595,3,15,14,19,5,70,0,0,90,60,84,95,50,56.2,Moderate
1.48936966406669,6.86975636144577,578.962880929155,0,1,8,9,0,40,0,40,0,4,48,45,0,19.7,Low
12.7264856905032,9.02894379983968,866.062511882531,0,7,9,3,9,100,80,40,0,28,54,15,90,55.3,Moderate
13.4902863085302,5.35941471514624,1714.81217712519,2,23,0,19,9,100,80,100,60,92,0,95,90,85.4,Very High
13.0784926416305,7.17190928147034,394.995786396539,2,9,11,4,2,100,0,0,60,36,66,20,20,41.5,Moderate
14.8875768946015,9.13993158569503,1395.7955625484,2,21,14,17,7,100,80,70,60,84,84,85,70,81,Very High
6.17209110252117,5.35117646667891,827.359127248699,1,17,14,13,6,70,80,40,30,68,84,65,60,62.3,High
10.2836716514408,5.65995094349577,1474.81505725003,3,24,0,14,8,100,80,70,90,96,0,70,80,82.2,Very High
11.2805251468185,7.20186772600879,1649.53322457565,0,23,13,2,6,100,0,100,0,92,78,10,60,62.3,High
14.9414386459716,8.54738723029106,1325.37541913865,0,16,11,17,7,100,40,70,0,64,66,85,70,66.1,High
11.5474334296875,5.67686093332256,1113.28831599119,3,5,1,12,5,100,80,70,90,20,6,60,50,61.8,High
13.0139283680734,5.32909862658142,1714.8878422849,3,21,12,5,8,100,80,100,90,84,72,25,80,81.9,Very High
0.622587598138782,6.923221495833,1221.59627011315,0,3,9,11,0,0,0,70,0,12,54,55,0,17.6,Low
14.9618525912589,9.28512633459354,1479.44027922032,3,19,8,19,7,100,80,70,90,76,48,95,70,81.6,Very High
14.0327171075716,6.0917794453928,1817.8538919664,0,15,10,14,5,100,40,100,0,60,60,70,50,63.5,High
0.337821872724844,7.6415298331782,414.144369720404,0,8,5,19,1,0,0,0,0,32,30,95,10,18.9,Low
7.31998392139848,6.32401634129506,357.94077848556,2,0,8,9,7,70,40,0,60,0,48,45,70,41.4,Moderate
12.0225107438561,5.89622489533203,1219.05329997135,3,24,9,9,7,100,80,70,90,96,54,45,70,80.9,Very High
3.05709383908356,6.44820196686135,353.647388206821,0,2,3,5,2,40,40,0,0,8,18,25,20,20,Low
0.77486710370622,8.31168753997205,621.146405709772,1,3,2,9,1,0,0,40,30,12,12,45,10,16,Low
0.647601288516599,6.62563139219521,376.928261863659,1,2,4,15,1,0,0,0,30,8,24,75,10,14.8,Low
12.3941687560103,6.40889485256539,1395.46392052667,3,15,0,12,9,100,40,70,90,60,0,60,90,71.5,High
0.771966024578097,8.01389178479725,995.21358195567,0,0,4,11,5,0,0,40,0,0,24,55,50,18.2,Low
0.117394727312402,5.01019494389136,383.2285503186,0,0,11,6,3,0,80,0,0,0,66,30,30,18.8,Low
0.791094439976067,7.22236290291435,1949.448547626,0,0,4,1,5,0,0,100,0,0,24,5,50,19.2,Low
12.4792839685109,6.96425375515551,1462.32829849528,0,23,10,15,5,100,0,70,0,92,60,75,50,63.4,High
7.51826993788395,5.95259607210687,984.124309838097,1,17,8,14,6,70,80,40,30,68,48,70,60,61,High
12.4678252215418,5.17518425607777,1205.58575777015,2,21,14,15,8,100,80,70,60,84,84,75,80,81.5,Very High
0.182418285845699,8.4014843659231,1560.85668388566,0,5,0,4,2,0,0,100,0,20,0,20,20,19,Low
12.561716296001,9.24924079567451,1067.23628524631,3,17,8,17,4,100,80,70,90,68,48,85,40,74.5,High
1.12157098277239,7.57922396978763,667.48477481507,0,0,0,2,1,40,0,40,0,0,0,10,10,14.5,Low
0.0340556612822212,7.70590069035756,149.72918773441,0,15,1,4,0,0,0,0,0,60,6,20,0,14.3,Low
0.701985622841874,7.86084861017921,725.219182013268,0,9,11,3,1,0,0,40,0,36,66,15,10,17.5,Low
1.47440342067468,8.43625752311281,1187.23930810592,3,21,10,10,5,40,0,70,90,84,60,50,50,56.3,Moderate
12.1433338443136,9.11661477308604,140.016095110854,1,12,6,18,6,100,80,0,30,48,36,90,60,60.4,High
0.182287235101101,8.79484347190955,630.466715947124,0,12,0,1,0,0,40,40,0,48,0,5,0,18.1,Low
10.1409851103371,5.46705588839443,1813.19115442123,3,17,7,11,9,100,80,100,90,68,42,55,90,81.7,Very High
14.6917770838045,5.33557946935216,773.578476458014,2,2,4,0,9,100,80,40,60,8,24,0,90,54.3,Moderate
12.2757572763079,9.42035399631061,1360.43468296919,3,19,4,19,8,100,80,70,90,76,24,95,80,81.9,Very High
10.5892254845957,8.95138958497105,1962.78915233296,0,23,13,8,3,100,40,100,0,92,78,40,30,64.8,High
1.60056201210407,7.40565538771848,1451.54117512221,1,20,9,19,1,40,0,70,30,80,54,95,10,47.7,Moderate
12.1992246429013,6.82089615112895,1832.55165222904,3,20,13,17,9,100,0,100,90,80,78,85,90,80.9,Very High
1.20061816651576,8.66008999650251,1887.61561228144,2,8,13,5,7,40,40,100,60,32,78,25,70,51.3,Moderate
12.286289163737,5.07937284727294,1500.9842963771,3,24,4,10,8,100,80,100,90,96,24,50,80,84.4,Very High
0.755316837111366,7.12446882597272,813.922422818554,3,1,8,3,0,0,0,40,90,4,48,15,0,17.7,Low
0.603739795661599,7.50349511862947,473.020089423706,0,0,8,5,4,0,0,0,0,0,48,25,40,10.9,Low
12.4536004439725,7.14535729273228,580.507875917327,0,23,12,16,5,100,0,40,0,92,72,80,50,61.5,High
10.8225859812045,6.13141645684867,1847.21093107301,2,14,5,12,2,100,40,100,60,56,30,60,20,61.7,High
0.308003863981053,6.62940660322474,267.807564739439,2,4,3,17,0,0,0,0,60,16,18,85,0,18.6,Low
4.26758432302239,7.38380353177845,1613.54211995029,0,20,8,7,2,40,0,100,0,80,48,35,20,42.9,Moderate
0.723231627952047,8.22758739165998,1285.17856201451,1,1,3,10,0,0,0,70,30,4,18,50,0,16.7,Low
0.394193635669955,8.35870368251486,1076.05943368348,0,3,6,2,1,0,0,70,0,12,36,10,10,13.7,Low
5.19731649731685,8.43982436148724,1932.38688145308,3,21,11,3,9,70,0,100,90,84,66,15,90,68.1,High
2.09168940414724,6.09748110874229,1432.551471131,2,10,5,14,6,40,40,70,60,40,30,70,60,50.5,Moderate
10.3420235075278,9.35191217950098,459.234505036965,2,9,12,17,9,100,80,0,60,36,72,85,90,66.8,High
0.789028166764549,7.84001584576682,1033.19633335913,2,2,4,3,1,0,0,70,60,8,24,15,10,18.8,Low
0.905243928488796,6.82417456065043,151.302576095396,0,11,10,8,0,0,0,0,0,44,60,40,0,15.8,Low
7.23386680095545,8.66200671854272,191.191530753444,3,23,9,18,3,70,40,0,90,92,54,90,30,61.6,High
11.1822103984671,6.00856346369213,1027.79481657352,3,3,10,6,0,100,40,70,90,12,60,30,0,48.4,Moderate
